source_file_name,source_path,destination_path,video_id,event_id,event_number,width_px,height_px,channels,file_size_bytes,sha256,status,duplicate_of,usable_for_segmentation
v01_event_001_best.jpg,C:\Users\wgucg\Desktop\videos\videos\02_model_development\best_frame_selector\outputs\sample_run\selected_frames\v01_event_001_best.jpg,C:\Users\wgucg\Desktop\videos\videos\06_garment_measurement\data\raw_best_frames\v01_event_001_best.jpg,v01,v01_E001,1,854,480,3,106787,4fc716cf4b1d74da55e623746dca2063593e0c91c5a3ff7595e701277b808a9a,ALREADY_PRESENT,,True
v02_event_001_best.jpg,C:\Users\wgucg\Desktop\videos\videos\02_model_development\best_frame_selector\outputs\sample_run\selected_frames\v02_event_001_best.jpg,C:\Users\wgucg\Desktop\videos\videos\06_garment_measurement\data\raw_best_frames\v02_event_001_best.jpg,v02,v02_E001,1,480,852,3,179330,2ea0a7bab92ce9a7df777aac0593232531e027a1bdae90677144cd25fac38c59,ALREADY_PRESENT,,True
v02_event_002_best.jpg,C:\Users\wgucg\Desktop\videos\videos\02_model_development\best_frame_selector\outputs\sample_run\selected_frames\v02_event_002_best.jpg,C:\Users\wgucg\Desktop\videos\videos\06_garment_measurement\data\raw_best_frames\v02_event_002_best.jpg,v02,v02_E002,2,480,852,3,178207,bd3ab01dc1fba9f0ff962a143b73230d4430255bdca815977a45ec5942467048,ALREADY_PRESENT,,True
v02_event_003_best.jpg,C:\Users\wgucg\Desktop\videos\videos\02_model_development\best_frame_selector\outputs\sample_run\selected_frames\v02_event_003_best.jpg,C:\Users\wgucg\Desktop\videos\videos\06_garment_measurement\data\raw_best_frames\v02_event_003_best.jpg,v02,v02_E003,3,480,852,3,177182,2dfebc73f42e574f1e1bee3947cf7b191d0d2f3959f3e8ed9fa0db76124b8077,ALREADY_PRESENT,,True
v02_event_004_best.jpg,C:\Users\wgucg\Desktop\videos\videos\02_model_development\best_frame_selector\outputs\sample_run\selected_frames\v02_event_004_best.jpg,C:\Users\wgucg\Desktop\videos\videos\06_garment_measurement\data\raw_best_frames\v02_event_004_best.jpg,v02,v02_E004,4,480,852,3,186908,48b4a682c68eb24bec16c8a96cfd2392565fec81b4e90e99f988db31d39f6b16,ALREADY_PRESENT,,True
v02_event_005_best.jpg,C:\Users\wgucg\Desktop\videos\videos\02_model_development\best_frame_selector\outputs\sample_run\selected_frames\v02_event_005_best.jpg,C:\Users\wgucg\Desktop\videos\videos\06_garment_measurement\data\raw_best_frames\v02_event_005_best.jpg,v02,v02_E005,5,480,852,3,188719,c781b9a49ebd2a6db9283720a4e7c797c2736be9b09c1b9c2e9ed3ba732e7294,ALREADY_PRESENT,,True
v02_event_006_best.jpg,C:\Users\wgucg\Desktop\videos\videos\02_model_development\best_frame_selector\outputs\sample_run\selected_frames\v02_event_006_best.jpg,C:\Users\wgucg\Desktop\videos\videos\06_garment_measurement\data\raw_best_frames\v02_event_006_best.jpg,v02,v02_E006,6,480,852,3,193243,90143ae8b2ab3d68fbd812b4b3d4154c496cecc70683ce4f2ad7b1035cbb1914,ALREADY_PRESENT,,True
v02_event_007_best.jpg,C:\Users\wgucg\Desktop\videos\videos\02_model_development\best_frame_selector\outputs\sample_run\selected_frames\v02_event_007_best.jpg,C:\Users\wgucg\Desktop\videos\videos\06_garment_measurement\data\raw_best_frames\v02_event_007_best.jpg,v02,v02_E007,7,480,852,3,193924,18b2e45deb4bc66070d258e93d350fbe45c33afe9ee2df3b9d8c84ca83059224,ALREADY_PRESENT,,True
v02_event_008_best.jpg,C:\Users\wgucg\Desktop\videos\videos\02_model_development\best_frame_selector\outputs\sample_run\selected_frames\v02_event_008_best.jpg,C:\Users\wgucg\Desktop\videos\videos\06_garment_measurement\data\raw_best_frames\v02_event_008_best.jpg,v02,v02_E008,8,480,852,3,194017,01ecbf74d9fe46bdbed48bfe91771e23b249496dfb66f9bbfadfd7086760843e,ALREADY_PRESENT,,True
v02_event_009_best.jpg,C:\Users\wgucg\Desktop\videos\videos\02_model_development\best_frame_selector\outputs\sample_run\selected_frames\v02_event_009_best.jpg,C:\Users\wgucg\Desktop\videos\videos\06_garment_measurement\data\raw_best_frames\v02_event_009_best.jpg,v02,v02_E009,9,480,852,3,190185,2ef887b0f7ea939669b7a0ea88e5bf8a4986e2242c54f9cce181c662ef788583,ALREADY_PRESENT,,True
v02_event_010_best.jpg,C:\Users\wgucg\Desktop\videos\videos\02_model_development\best_frame_selector\outputs\sample_run\selected_frames\v02_event_010_best.jpg,C:\Users\wgucg\Desktop\videos\videos\06_garment_measurement\data\raw_best_frames\v02_event_010_best.jpg,v02,v02_E010,10,480,852,3,183710,808380bb670adc064802d46cf619dcbe421bc42b9a0e8d2b961ae4b82384c86a,ALREADY_PRESENT,,True
v02_event_011_best.jpg,C:\Users\wgucg\Desktop\videos\videos\02_model_development\best_frame_selector\outputs\sample_run\selected_frames\v02_event_011_best.jpg,C:\Users\wgucg\Desktop\videos\videos\06_garment_measurement\data\raw_best_frames\v02_event_011_best.jpg,v02,v02_E011,11,480,852,3,187070,c0ee7a9d34418451cffee51d84c3a2a8c217e7d54e2c634081fe2f61ae092a2b,ALREADY_PRESENT,,True
v02_event_012_best.jpg,C:\Users\wgucg\Desktop\videos\videos\02_model_development\best_frame_selector\outputs\sample_run\selected_frames\v02_event_012_best.jpg,C:\Users\wgucg\Desktop\videos\videos\06_garment_measurement\data\raw_best_frames\v02_event_012_best.jpg,v02,v02_E012,12,480,852,3,180689,73f59c40ad6cc06fecd9c82faedad20e80aa5c800a49138f4c5dda1f64e7c04b,ALREADY_PRESENT,,True
v02_event_013_best.jpg,C:\Users\wgucg\Desktop\videos\videos\02_model_development\best_frame_selector\outputs\sample_run\selected_frames\v02_event_013_best.jpg,C:\Users\wgucg\Desktop\videos\videos\06_garment_measurement\data\raw_best_frames\v02_event_013_best.jpg,v02,v02_E013,13,480,852,3,189946,c7411a6479dd9007688b63d52ea172923744fc5b9a4d944656e168750a5752ea,ALREADY_PRESENT,,True
v02_event_014_best.jpg,C:\Users\wgucg\Desktop\videos\videos\02_model_development\best_frame_selector\outputs\sample_run\selected_frames\v02_event_014_best.jpg,C:\Users\wgucg\Desktop\videos\videos\06_garment_measurement\data\raw_best_frames\v02_event_014_best.jpg,v02,v02_E014,14,480,852,3,191562,dc97ad46bbbd180b41e25b9d9def42bbc538c0233cc3d66631ca38008a72ebdd,ALREADY_PRESENT,,True
v03_event_001_best.jpg,C:\Users\wgucg\Desktop\videos\videos\02_model_development\best_frame_selector\outputs\sample_run\selected_frames\v03_event_001_best.jpg,C:\Users\wgucg\Desktop\videos\videos\06_garment_measurement\data\raw_best_frames\v03_event_001_best.jpg,v03,v03_E001,1,480,632,3,128291,718ee028e666fe348016816fa1c6fd6ad497069bf6880e947cd310ec400e5991,ALREADY_PRESENT,,True
v03_event_002_best.jpg,C:\Users\wgucg\Desktop\videos\videos\02_model_development\best_frame_selector\outputs\sample_run\selected_frames\v03_event_002_best.jpg,C:\Users\wgucg\Desktop\videos\videos\06_garment_measurement\data\raw_best_frames\v03_event_002_best.jpg,v03,v03_E002,2,480,632,3,134505,df5391d0baf2e779c27817b8084033e7402ee11a0c3808584b5c5ebb53dfc704,ALREADY_PRESENT,,True
v03_event_003_best.jpg,C:\Users\wgucg\Desktop\videos\videos\02_model_development\best_frame_selector\outputs\sample_run\selected_frames\v03_event_003_best.jpg,C:\Users\wgucg\Desktop\videos\videos\06_garment_measurement\data\raw_best_frames\v03_event_003_best.jpg,v03,v03_E003,3,480,632,3,127078,f48b04a8346cae9d9ab5c201656b1601935504b4a9b33749f0637d7c4a930b02,ALREADY_PRESENT,,True
v03_event_004_best.jpg,C:\Users\wgucg\Desktop\videos\videos\02_model_development\best_frame_selector\outputs\sample_run\selected_frames\v03_event_004_best.jpg,C:\Users\wgucg\Desktop\videos\videos\06_garment_measurement\data\raw_best_frames\v03_event_004_best.jpg,v03,v03_E004,4,480,632,3,123424,3f864fa255e8c9fbd0410bf9b71b9a0277cb4fd696514b5df5845c32f5edcbc5,ALREADY_PRESENT,,True
v03_event_005_best.jpg,C:\Users\wgucg\Desktop\videos\videos\02_model_development\best_frame_selector\outputs\sample_run\selected_frames\v03_event_005_best.jpg,C:\Users\wgucg\Desktop\videos\videos\06_garment_measurement\data\raw_best_frames\v03_event_005_best.jpg,v03,v03_E005,5,480,632,3,123287,ae35e11a79c2bb3ba789973c4f257636588bb13fcdff18d9159d2d2e10fb9071,ALREADY_PRESENT,,True
v03_event_006_best.jpg,C:\Users\wgucg\Desktop\videos\videos\02_model_development\best_frame_selector\outputs\sample_run\selected_frames\v03_event_006_best.jpg,C:\Users\wgucg\Desktop\videos\videos\06_garment_measurement\data\raw_best_frames\v03_event_006_best.jpg,v03,v03_E006,6,480,632,3,112203,34886c06f38015fc8b3447b3b394853292c1ea4f5ea1e674f43d167dd2ab3f79,ALREADY_PRESENT,,True
v04_event_001_best.jpg,C:\Users\wgucg\Desktop\videos\videos\02_model_development\best_frame_selector\outputs\sample_run\selected_frames\v04_event_001_best.jpg,C:\Users\wgucg\Desktop\videos\videos\06_garment_measurement\data\raw_best_frames\v04_event_001_best.jpg,v04,v04_E001,1,854,480,3,108688,b39a5f760de7cf43aefed43ba0aaa431a8fe8107a4e03dcceb4d2bfda1f06a89,ALREADY_PRESENT,,True
v04_event_002_best.jpg,C:\Users\wgucg\Desktop\videos\videos\02_model_development\best_frame_selector\outputs\sample_run\selected_frames\v04_event_002_best.jpg,C:\Users\wgucg\Desktop\videos\videos\06_garment_measurement\data\raw_best_frames\v04_event_002_best.jpg,v04,v04_E002,2,854,480,3,107839,72b3aecd4a80040dcef8ce7b2ab4e0b4098ff50fb0ae1275816b5d6e9b19ee2a,ALREADY_PRESENT,,True
v04_event_003_best.jpg,C:\Users\wgucg\Desktop\videos\videos\02_model_development\best_frame_selector\outputs\sample_run\selected_frames\v04_event_003_best.jpg,C:\Users\wgucg\Desktop\videos\videos\06_garment_measurement\data\raw_best_frames\v04_event_003_best.jpg,v04,v04_E003,3,854,480,3,102155,5045918951101f21387e689c5d9a572a6c328f91c8435ef5e5f154581d4c1655,ALREADY_PRESENT,,True
v05_event_001_best.jpg,C:\Users\wgucg\Desktop\videos\videos\02_model_development\best_frame_selector\outputs\sample_run\selected_frames\v05_event_001_best.jpg,C:\Users\wgucg\Desktop\videos\videos\06_garment_measurement\data\raw_best_frames\v05_event_001_best.jpg,v05,v05_E001,1,480,596,3,128203,25e8eb70ad855b23991a26eec4aa1870c827b64cd3089ef36035ff029b99a837,ALREADY_PRESENT,,True
v05_event_002_best.jpg,C:\Users\wgucg\Desktop\videos\videos\02_model_development\best_frame_selector\outputs\sample_run\selected_frames\v05_event_002_best.jpg,C:\Users\wgucg\Desktop\videos\videos\06_garment_measurement\data\raw_best_frames\v05_event_002_best.jpg,v05,v05_E002,2,480,596,3,134696,dc26d8d3baad53809b15def18f6bd1faa4ee538cabbf56590aa34619ff142888,ALREADY_PRESENT,,True
v05_event_003_best.jpg,C:\Users\wgucg\Desktop\videos\videos\02_model_development\best_frame_selector\outputs\sample_run\selected_frames\v05_event_003_best.jpg,C:\Users\wgucg\Desktop\videos\videos\06_garment_measurement\data\raw_best_frames\v05_event_003_best.jpg,v05,v05_E003,3,480,596,3,138857,eec52cf0084a8d92750e38f6e144d904723f29dcdb96460d26a0ac1ed258e581,ALREADY_PRESENT,,True
v05_event_004_best.jpg,C:\Users\wgucg\Desktop\videos\videos\02_model_development\best_frame_selector\outputs\sample_run\selected_frames\v05_event_004_best.jpg,C:\Users\wgucg\Desktop\videos\videos\06_garment_measurement\data\raw_best_frames\v05_event_004_best.jpg,v05,v05_E004,4,480,596,3,138030,996bd35c6b8fa73424879921d56cf05c81cc055490bdfd6e4b3e91235bdbd402,ALREADY_PRESENT,,True
v05_event_005_best.jpg,C:\Users\wgucg\Desktop\videos\videos\02_model_development\best_frame_selector\outputs\sample_run\selected_frames\v05_event_005_best.jpg,C:\Users\wgucg\Desktop\videos\videos\06_garment_measurement\data\raw_best_frames\v05_event_005_best.jpg,v05,v05_E005,5,480,596,3,133352,bb4ee48063c95347b77a4a3eedc41f258dde440eae93fb3159d01b7ed5d18269,ALREADY_PRESENT,,True
v05_event_006_best.jpg,C:\Users\wgucg\Desktop\videos\videos\02_model_development\best_frame_selector\outputs\sample_run\selected_frames\v05_event_006_best.jpg,C:\Users\wgucg\Desktop\videos\videos\06_garment_measurement\data\raw_best_frames\v05_event_006_best.jpg,v05,v05_E006,6,480,596,3,133813,d2e2f775593b6fa576e90e2e37b0f11f195af187fbbe41af9c6a3d5d3e418c8c,ALREADY_PRESENT,,True
v05_event_007_best.jpg,C:\Users\wgucg\Desktop\videos\videos\02_model_development\best_frame_selector\outputs\sample_run\selected_frames\v05_event_007_best.jpg,C:\Users\wgucg\Desktop\videos\videos\06_garment_measurement\data\raw_best_frames\v05_event_007_best.jpg,v05,v05_E007,7,480,596,3,136950,df100ba452da9e5cf29800a241ace280e1451c08a1b7c35168de885b0e5434e7,ALREADY_PRESENT,,True
v05_event_008_best.jpg,C:\Users\wgucg\Desktop\videos\videos\02_model_development\best_frame_selector\outputs\sample_run\selected_frames\v05_event_008_best.jpg,C:\Users\wgucg\Desktop\videos\videos\06_garment_measurement\data\raw_best_frames\v05_event_008_best.jpg,v05,v05_E008,8,480,596,3,136150,2d668b81b6163e1f8927d1901c63dea2af769e74e0e9f35800e311a95e3b9cfa,ALREADY_PRESENT,,True
v05_event_009_best.jpg,C:\Users\wgucg\Desktop\videos\videos\02_model_development\best_frame_selector\outputs\sample_run\selected_frames\v05_event_009_best.jpg,C:\Users\wgucg\Desktop\videos\videos\06_garment_measurement\data\raw_best_frames\v05_event_009_best.jpg,v05,v05_E009,9,480,596,3,137326,7e646f4e75f6de1080013c98e1ea8e1c3009b6573bd365953773d4bf9f327689,ALREADY_PRESENT,,True
v05_event_010_best.jpg,C:\Users\wgucg\Desktop\videos\videos\02_model_development\best_frame_selector\outputs\sample_run\selected_frames\v05_event_010_best.jpg,C:\Users\wgucg\Desktop\videos\videos\06_garment_measurement\data\raw_best_frames\v05_event_010_best.jpg,v05,v05_E010,10,480,596,3,117362,12e1f33be6d71acadc9609bf29621826342f96040f1360e2606eb25a150c610f,ALREADY_PRESENT,,True
v05_event_011_best.jpg,C:\Users\wgucg\Desktop\videos\videos\02_model_development\best_frame_selector\outputs\sample_run\selected_frames\v05_event_011_best.jpg,C:\Users\wgucg\Desktop\videos\videos\06_garment_measurement\data\raw_best_frames\v05_event_011_best.jpg,v05,v05_E011,11,480,596,3,140764,c0bd2be8be21fb11f25fe61c84675202bef658838948fb2e09d28936532b8051,ALREADY_PRESENT,,True
v05_event_012_best.jpg,C:\Users\wgucg\Desktop\videos\videos\02_model_development\best_frame_selector\outputs\sample_run\selected_frames\v05_event_012_best.jpg,C:\Users\wgucg\Desktop\videos\videos\06_garment_measurement\data\raw_best_frames\v05_event_012_best.jpg,v05,v05_E012,12,480,596,3,140358,61c09f544436ea7ac6bd12f08d1cae81a07a1d3424d69d6f86783b1e05d3b22a,ALREADY_PRESENT,,True
v05_event_013_best.jpg,C:\Users\wgucg\Desktop\videos\videos\02_model_development\best_frame_selector\outputs\sample_run\selected_frames\v05_event_013_best.jpg,C:\Users\wgucg\Desktop\videos\videos\06_garment_measurement\data\raw_best_frames\v05_event_013_best.jpg,v05,v05_E013,13,480,596,3,143143,57b4ab416f43b1600f4757597f27c8754c84aabfaf63628de448c36ea553540d,ALREADY_PRESENT,,True
v05_event_014_best.jpg,C:\Users\wgucg\Desktop\videos\videos\02_model_development\best_frame_selector\outputs\sample_run\selected_frames\v05_event_014_best.jpg,C:\Users\wgucg\Desktop\videos\videos\06_garment_measurement\data\raw_best_frames\v05_event_014_best.jpg,v05,v05_E014,14,480,596,3,140332,b4417712df3da48aa122d6c06897cf1d1e88c531c961472dd626eff26f17df20,ALREADY_PRESENT,,True
v05_event_015_best.jpg,C:\Users\wgucg\Desktop\videos\videos\02_model_development\best_frame_selector\outputs\sample_run\selected_frames\v05_event_015_best.jpg,C:\Users\wgucg\Desktop\videos\videos\06_garment_measurement\data\raw_best_frames\v05_event_015_best.jpg,v05,v05_E015,15,480,596,3,138352,24fb09aa091d02e5ed6e794a58fa795a54ed074a0a98bc253e1b0a4c3d284eed,ALREADY_PRESENT,,True
v05_event_016_best.jpg,C:\Users\wgucg\Desktop\videos\videos\02_model_development\best_frame_selector\outputs\sample_run\selected_frames\v05_event_016_best.jpg,C:\Users\wgucg\Desktop\videos\videos\06_garment_measurement\data\raw_best_frames\v05_event_016_best.jpg,v05,v05_E016,16,480,596,3,142814,0f9033ad665e4a3c73b450b91de503600c3b9eecde44ae87ec6485d69ebe4ce2,ALREADY_PRESENT,,True
v05_event_017_best.jpg,C:\Users\wgucg\Desktop\videos\videos\02_model_development\best_frame_selector\outputs\sample_run\selected_frames\v05_event_017_best.jpg,C:\Users\wgucg\Desktop\videos\videos\06_garment_measurement\data\raw_best_frames\v05_event_017_best.jpg,v05,v05_E017,17,480,596,3,143699,1c09207ac72360e08cea647cfa86fe0b8ac95578a9499bb57b74f6eed6f68897,ALREADY_PRESENT,,True
v05_event_018_best.jpg,C:\Users\wgucg\Desktop\videos\videos\02_model_development\best_frame_selector\outputs\sample_run\selected_frames\v05_event_018_best.jpg,C:\Users\wgucg\Desktop\videos\videos\06_garment_measurement\data\raw_best_frames\v05_event_018_best.jpg,v05,v05_E018,18,480,596,3,142798,4f8017df85bb3652267dca23d06aa7c75849c57c48ac0e3b58724f20f3f6ca37,ALREADY_PRESENT,,True
v05_event_019_best.jpg,C:\Users\wgucg\Desktop\videos\videos\02_model_development\best_frame_selector\outputs\sample_run\selected_frames\v05_event_019_best.jpg,C:\Users\wgucg\Desktop\videos\videos\06_garment_measurement\data\raw_best_frames\v05_event_019_best.jpg,v05,v05_E019,19,480,596,3,143442,fcde5df519de4ff0c2bb6cfd9164cb4b515260a23513536c0cc0532637e917de,ALREADY_PRESENT,,True
v05_event_020_best.jpg,C:\Users\wgucg\Desktop\videos\videos\02_model_development\best_frame_selector\outputs\sample_run\selected_frames\v05_event_020_best.jpg,C:\Users\wgucg\Desktop\videos\videos\06_garment_measurement\data\raw_best_frames\v05_event_020_best.jpg,v05,v05_E020,20,480,596,3,138278,5a2e380f690db694b3821a5d69ec47ce21bdbf7959a5d26c6f7c51d8e60066e1,ALREADY_PRESENT,,True
v05_event_021_best.jpg,C:\Users\wgucg\Desktop\videos\videos\02_model_development\best_frame_selector\outputs\sample_run\selected_frames\v05_event_021_best.jpg,C:\Users\wgucg\Desktop\videos\videos\06_garment_measurement\data\raw_best_frames\v05_event_021_best.jpg,v05,v05_E021,21,480,596,3,140873,b5116cf3f165a63e34702d2e7741b64f0bb888a1f05ff4c1736ae270270b5725,ALREADY_PRESENT,,True
v05_event_022_best.jpg,C:\Users\wgucg\Desktop\videos\videos\02_model_development\best_frame_selector\outputs\sample_run\selected_frames\v05_event_022_best.jpg,C:\Users\wgucg\Desktop\videos\videos\06_garment_measurement\data\raw_best_frames\v05_event_022_best.jpg,v05,v05_E022,22,480,596,3,142089,245839689f71f5f05cb55759cdfe116e472485cddbda7f81b142fa4087f8c68d,ALREADY_PRESENT,,True
v05_event_023_best.jpg,C:\Users\wgucg\Desktop\videos\videos\02_model_development\best_frame_selector\outputs\sample_run\selected_frames\v05_event_023_best.jpg,C:\Users\wgucg\Desktop\videos\videos\06_garment_measurement\data\raw_best_frames\v05_event_023_best.jpg,v05,v05_E023,23,480,596,3,142858,c9ac64a558d0736e0374e25498004703b0e3e528e08ff97e0e307eceaa72f175,ALREADY_PRESENT,,True
v05_event_024_best.jpg,C:\Users\wgucg\Desktop\videos\videos\02_model_development\best_frame_selector\outputs\sample_run\selected_frames\v05_event_024_best.jpg,C:\Users\wgucg\Desktop\videos\videos\06_garment_measurement\data\raw_best_frames\v05_event_024_best.jpg,v05,v05_E024,24,480,596,3,139850,701af1b66294839d2b7cf18e816ba377ac3f75c8d8a3434b61f856cfc72c5ca4,ALREADY_PRESENT,,True
v05_event_025_best.jpg,C:\Users\wgucg\Desktop\videos\videos\02_model_development\best_frame_selector\outputs\sample_run\selected_frames\v05_event_025_best.jpg,C:\Users\wgucg\Desktop\videos\videos\06_garment_measurement\data\raw_best_frames\v05_event_025_best.jpg,v05,v05_E025,25,480,596,3,138570,2a65e78d4bd8ad2202d3aea7001c794baad40f4c68a18a1be1d832e485c9005e,ALREADY_PRESENT,,True
v05_event_026_best.jpg,C:\Users\wgucg\Desktop\videos\videos\02_model_development\best_frame_selector\outputs\sample_run\selected_frames\v05_event_026_best.jpg,C:\Users\wgucg\Desktop\videos\videos\06_garment_measurement\data\raw_best_frames\v05_event_026_best.jpg,v05,v05_E026,26,480,596,3,140986,1c8d326ff89b0d836ff8878036908842077aaf77e868b560042ce6fc7d9db038,ALREADY_PRESENT,,True
v05_event_027_best.jpg,C:\Users\wgucg\Desktop\videos\videos\02_model_development\best_frame_selector\outputs\sample_run\selected_frames\v05_event_027_best.jpg,C:\Users\wgucg\Desktop\videos\videos\06_garment_measurement\data\raw_best_frames\v05_event_027_best.jpg,v05,v05_E027,27,480,596,3,144301,218e1e6f62fdb95a9fd288a37470c2d60ea2d7d661261c33953bc900bc79d5cb,ALREADY_PRESENT,,True
v05_event_028_best.jpg,C:\Users\wgucg\Desktop\videos\videos\02_model_development\best_frame_selector\outputs\sample_run\selected_frames\v05_event_028_best.jpg,C:\Users\wgucg\Desktop\videos\videos\06_garment_measurement\data\raw_best_frames\v05_event_028_best.jpg,v05,v05_E028,28,480,596,3,134844,c9de2e0c7f5ee3608719a2e51a6ca1f60446646d47048d767c7dac35e4d99636,ALREADY_PRESENT,,True
v06_event_001_best.jpg,C:\Users\wgucg\Desktop\videos\videos\02_model_development\best_frame_selector\outputs\sample_run\selected_frames\v06_event_001_best.jpg,C:\Users\wgucg\Desktop\videos\videos\06_garment_measurement\data\raw_best_frames\v06_event_001_best.jpg,v06,v06_E001,1,1080,1080,3,220236,a449c6eebbfbe0fdf90ecb314f74739c6e4b49a77c3c5ef15596e94aa7b975c5,ALREADY_PRESENT,,True
v07_event_001_best.jpg,C:\Users\wgucg\Desktop\videos\videos\02_model_development\best_frame_selector\outputs\sample_run\selected_frames\v07_event_001_best.jpg,C:\Users\wgucg\Desktop\videos\videos\06_garment_measurement\data\raw_best_frames\v07_event_001_best.jpg,v07,v07_E001,1,854,480,3,101641,2df7b2f843fa6eabf7e0e6a749be83bf69a8abf61ed0689970768f44ca44f344,ALREADY_PRESENT,,True
v07_event_002_best.jpg,C:\Users\wgucg\Desktop\videos\videos\02_model_development\best_frame_selector\outputs\sample_run\selected_frames\v07_event_002_best.jpg,C:\Users\wgucg\Desktop\videos\videos\06_garment_measurement\data\raw_best_frames\v07_event_002_best.jpg,v07,v07_E002,2,854,480,3,97525,3c88dd33c09b7c00273006c397d005a29fcca8637961cc851ef323e190ae51cd,ALREADY_PRESENT,,True
v07_event_003_best.jpg,C:\Users\wgucg\Desktop\videos\videos\02_model_development\best_frame_selector\outputs\sample_run\selected_frames\v07_event_003_best.jpg,C:\Users\wgucg\Desktop\videos\videos\06_garment_measurement\data\raw_best_frames\v07_event_003_best.jpg,v07,v07_E003,3,854,480,3,94681,9b7dbd5489063218ef65a9d6d08eb3f9da4f93f479335f0255264e3b9fa124e3,ALREADY_PRESENT,,True
v08_event_001_best.jpg,C:\Users\wgucg\Desktop\videos\videos\02_model_development\best_frame_selector\outputs\sample_run\selected_frames\v08_event_001_best.jpg,C:\Users\wgucg\Desktop\videos\videos\06_garment_measurement\data\raw_best_frames\v08_event_001_best.jpg,v08,v08_E001,1,480,804,3,102908,d0f2e40e950c02ff02bba31853eb502c8d2be5f8f6d3a00a4a46f3f5fc82624f,ALREADY_PRESENT,,True
v08_event_002_best.jpg,C:\Users\wgucg\Desktop\videos\videos\02_model_development\best_frame_selector\outputs\sample_run\selected_frames\v08_event_002_best.jpg,C:\Users\wgucg\Desktop\videos\videos\06_garment_measurement\data\raw_best_frames\v08_event_002_best.jpg,v08,v08_E002,2,480,804,3,97491,955598c1afd1254d448da04e4ecce643a5d1c21e00c96d47eb3397910e12c8a3,ALREADY_PRESENT,,True
v08_event_003_best.jpg,C:\Users\wgucg\Desktop\videos\videos\02_model_development\best_frame_selector\outputs\sample_run\selected_frames\v08_event_003_best.jpg,C:\Users\wgucg\Desktop\videos\videos\06_garment_measurement\data\raw_best_frames\v08_event_003_best.jpg,v08,v08_E003,3,480,804,3,98298,9db2913b5f4d69e1949ead9fb5e8ce996a0985f6f9dd1cd2e73b833ee3d6d654,ALREADY_PRESENT,,True
v08_event_004_best.jpg,C:\Users\wgucg\Desktop\videos\videos\02_model_development\best_frame_selector\outputs\sample_run\selected_frames\v08_event_004_best.jpg,C:\Users\wgucg\Desktop\videos\videos\06_garment_measurement\data\raw_best_frames\v08_event_004_best.jpg,v08,v08_E004,4,480,804,3,100791,530f175dcbb076554ba094101bf409d407a2be7df8707f1e00e3122bab417d63,ALREADY_PRESENT,,True
v08_event_005_best.jpg,C:\Users\wgucg\Desktop\videos\videos\02_model_development\best_frame_selector\outputs\sample_run\selected_frames\v08_event_005_best.jpg,C:\Users\wgucg\Desktop\videos\videos\06_garment_measurement\data\raw_best_frames\v08_event_005_best.jpg,v08,v08_E005,5,480,804,3,103690,f6559961ec4745cb31f803e7ad39320f1c96d23dd32afb553e79ec02b8a418d7,ALREADY_PRESENT,,True
v08_event_006_best.jpg,C:\Users\wgucg\Desktop\videos\videos\02_model_development\best_frame_selector\outputs\sample_run\selected_frames\v08_event_006_best.jpg,C:\Users\wgucg\Desktop\videos\videos\06_garment_measurement\data\raw_best_frames\v08_event_006_best.jpg,v08,v08_E006,6,480,804,3,100705,00303ce49d05abbfaaf24e1965ccc8cc9d1e29c5987aa8160abcc2a67bdf24d8,ALREADY_PRESENT,,True
v08_event_007_best.jpg,C:\Users\wgucg\Desktop\videos\videos\02_model_development\best_frame_selector\outputs\sample_run\selected_frames\v08_event_007_best.jpg,C:\Users\wgucg\Desktop\videos\videos\06_garment_measurement\data\raw_best_frames\v08_event_007_best.jpg,v08,v08_E007,7,480,804,3,113317,a5593f911c50eb66c7cfe47b203ddeb46b58255066f7369a28333492be3adac4,ALREADY_PRESENT,,True
v09_event_001_best.jpg,C:\Users\wgucg\Desktop\videos\videos\02_model_development\best_frame_selector\outputs\sample_run\selected_frames\v09_event_001_best.jpg,C:\Users\wgucg\Desktop\videos\videos\06_garment_measurement\data\raw_best_frames\v09_event_001_best.jpg,v09,v09_E001,1,480,852,3,185720,2a892124acc5542c72e29575668a3078220600ee1f7b1a7d733d6bd4123dde00,ALREADY_PRESENT,,True
v09_event_002_best.jpg,C:\Users\wgucg\Desktop\videos\videos\02_model_development\best_frame_selector\outputs\sample_run\selected_frames\v09_event_002_best.jpg,C:\Users\wgucg\Desktop\videos\videos\06_garment_measurement\data\raw_best_frames\v09_event_002_best.jpg,v09,v09_E002,2,480,852,3,177239,50d15621671145e4c090be0f4d3f5731d660770776b8a271dce59dae05c2bb0a,ALREADY_PRESENT,,True
v09_event_003_best.jpg,C:\Users\wgucg\Desktop\videos\videos\02_model_development\best_frame_selector\outputs\sample_run\selected_frames\v09_event_003_best.jpg,C:\Users\wgucg\Desktop\videos\videos\06_garment_measurement\data\raw_best_frames\v09_event_003_best.jpg,v09,v09_E003,3,480,852,3,176628,e44bf861da194533976394acf93bc499ed8acd8ea03e45c424f9da8cc00f5162,ALREADY_PRESENT,,True
v09_event_004_best.jpg,C:\Users\wgucg\Desktop\videos\videos\02_model_development\best_frame_selector\outputs\sample_run\selected_frames\v09_event_004_best.jpg,C:\Users\wgucg\Desktop\videos\videos\06_garment_measurement\data\raw_best_frames\v09_event_004_best.jpg,v09,v09_E004,4,480,852,3,173805,c9e206327efc4f8bb82f138b162c7c4f919147b5f73d3ec4fb4c719a5010773e,ALREADY_PRESENT,,True
v09_event_005_best.jpg,C:\Users\wgucg\Desktop\videos\videos\02_model_development\best_frame_selector\outputs\sample_run\selected_frames\v09_event_005_best.jpg,C:\Users\wgucg\Desktop\videos\videos\06_garment_measurement\data\raw_best_frames\v09_event_005_best.jpg,v09,v09_E005,5,480,852,3,178590,b79d819f53470e90c6dc4f246df8b1f4c17aa451f523d5d9a1d013adf5be49eb,ALREADY_PRESENT,,True
v09_event_006_best.jpg,C:\Users\wgucg\Desktop\videos\videos\02_model_development\best_frame_selector\outputs\sample_run\selected_frames\v09_event_006_best.jpg,C:\Users\wgucg\Desktop\videos\videos\06_garment_measurement\data\raw_best_frames\v09_event_006_best.jpg,v09,v09_E006,6,480,852,3,181405,e10fb18e24d78482c80ab49fe2b9eb3461389a8c266e3ea6d821cdab4e4c87bd,ALREADY_PRESENT,,True
v09_event_007_best.jpg,C:\Users\wgucg\Desktop\videos\videos\02_model_development\best_frame_selector\outputs\sample_run\selected_frames\v09_event_007_best.jpg,C:\Users\wgucg\Desktop\videos\videos\06_garment_measurement\data\raw_best_frames\v09_event_007_best.jpg,v09,v09_E007,7,480,852,3,182196,e8c61fd42e435c032bd279dc1187f52309d5b7615374197bc03fc49f1b3769c2,ALREADY_PRESENT,,True
v09_event_008_best.jpg,C:\Users\wgucg\Desktop\videos\videos\02_model_development\best_frame_selector\outputs\sample_run\selected_frames\v09_event_008_best.jpg,C:\Users\wgucg\Desktop\videos\videos\06_garment_measurement\data\raw_best_frames\v09_event_008_best.jpg,v09,v09_E008,8,480,852,3,180926,42486b96a89cff5cfb53bd32db6a4d893da1b28d3fcb6e3468d1f3c2758b1d55,ALREADY_PRESENT,,True
v09_event_009_best.jpg,C:\Users\wgucg\Desktop\videos\videos\02_model_development\best_frame_selector\outputs\sample_run\selected_frames\v09_event_009_best.jpg,C:\Users\wgucg\Desktop\videos\videos\06_garment_measurement\data\raw_best_frames\v09_event_009_best.jpg,v09,v09_E009,9,480,852,3,175761,c91eab106ce70b592132d03eae329176f003287d5b3b888d45aee463377ecd0f,ALREADY_PRESENT,,True
v09_event_010_best.jpg,C:\Users\wgucg\Desktop\videos\videos\02_model_development\best_frame_selector\outputs\sample_run\selected_frames\v09_event_010_best.jpg,C:\Users\wgucg\Desktop\videos\videos\06_garment_measurement\data\raw_best_frames\v09_event_010_best.jpg,v09,v09_E010,10,480,852,3,175415,53f9cbdebdabe0f94377f22edaa291e1a504806ebe49b10531f32b5e54a4ec0a,ALREADY_PRESENT,,True
v09_event_011_best.jpg,C:\Users\wgucg\Desktop\videos\videos\02_model_development\best_frame_selector\outputs\sample_run\selected_frames\v09_event_011_best.jpg,C:\Users\wgucg\Desktop\videos\videos\06_garment_measurement\data\raw_best_frames\v09_event_011_best.jpg,v09,v09_E011,11,480,852,3,177800,84e8c13294fdf0475da36c337b191593fcf76b3f2e46cf546d6b86ebf0cf6f34,ALREADY_PRESENT,,True
v09_event_012_best.jpg,C:\Users\wgucg\Desktop\videos\videos\02_model_development\best_frame_selector\outputs\sample_run\selected_frames\v09_event_012_best.jpg,C:\Users\wgucg\Desktop\videos\videos\06_garment_measurement\data\raw_best_frames\v09_event_012_best.jpg,v09,v09_E012,12,480,852,3,180172,20dfcf5327e196acf77f5d412eb51defc1f3b59cbbd9a9d811729ebf57ac2d12,ALREADY_PRESENT,,True
v09_event_013_best.jpg,C:\Users\wgucg\Desktop\videos\videos\02_model_development\best_frame_selector\outputs\sample_run\selected_frames\v09_event_013_best.jpg,C:\Users\wgucg\Desktop\videos\videos\06_garment_measurement\data\raw_best_frames\v09_event_013_best.jpg,v09,v09_E013,13,480,852,3,176215,c97a94c96c4d34232e21d2b19668a61ae620bd662bd5556ff4cab4bfaa5b7c46,ALREADY_PRESENT,,True
v09_event_014_best.jpg,C:\Users\wgucg\Desktop\videos\videos\02_model_development\best_frame_selector\outputs\sample_run\selected_frames\v09_event_014_best.jpg,C:\Users\wgucg\Desktop\videos\videos\06_garment_measurement\data\raw_best_frames\v09_event_014_best.jpg,v09,v09_E014,14,480,852,3,179643,ff47a89c7410c5cf5c0964f1821db350ed67fc6392749ffe19a5af55899564a8,ALREADY_PRESENT,,True
v09_event_015_best.jpg,C:\Users\wgucg\Desktop\videos\videos\02_model_development\best_frame_selector\outputs\sample_run\selected_frames\v09_event_015_best.jpg,C:\Users\wgucg\Desktop\videos\videos\06_garment_measurement\data\raw_best_frames\v09_event_015_best.jpg,v09,v09_E015,15,480,852,3,181825,6c0755a1c677c0c6fae3d6616d7dce324ec6ae28c10d741849ea9d72d8e300a4,ALREADY_PRESENT,,True
v10_event_001_best.jpg,C:\Users\wgucg\Desktop\videos\videos\02_model_development\best_frame_selector\outputs\sample_run\selected_frames\v10_event_001_best.jpg,C:\Users\wgucg\Desktop\videos\videos\06_garment_measurement\data\raw_best_frames\v10_event_001_best.jpg,v10,v10_E001,1,1068,1080,3,212296,2004fa61ffbac86707f3b68aeca5f20edec16126956f84aefc3d6bf4965b9a5d,ALREADY_PRESENT,,True
v11_event_001_best.jpg,C:\Users\wgucg\Desktop\videos\videos\02_model_development\best_frame_selector\outputs\sample_run\selected_frames\v11_event_001_best.jpg,C:\Users\wgucg\Desktop\videos\videos\06_garment_measurement\data\raw_best_frames\v11_event_001_best.jpg,v11,v11_E001,1,854,480,3,99524,47402f8c11caa197dc67bcd7f6ace35250be1982131211adafe957c0714a7591,ALREADY_PRESENT,,True
v12_event_001_best.jpg,C:\Users\wgucg\Desktop\videos\videos\02_model_development\best_frame_selector\outputs\sample_run\selected_frames\v12_event_001_best.jpg,C:\Users\wgucg\Desktop\videos\videos\06_garment_measurement\data\raw_best_frames\v12_event_001_best.jpg,v12,v12_E001,1,854,480,3,100914,0dff4b907ff7bfa1ef37e0bb9bc49e4fe3b54d55a321076d252400a847644c92,ALREADY_PRESENT,,True
v13_event_001_best.jpg,C:\Users\wgucg\Desktop\videos\videos\02_model_development\best_frame_selector\outputs\sample_run\selected_frames\v13_event_001_best.jpg,C:\Users\wgucg\Desktop\videos\videos\06_garment_measurement\data\raw_best_frames\v13_event_001_best.jpg,v13,v13_E001,1,854,480,3,98452,e28cdf93f0edf0f27bff54927f8030cf7cf73c531349882ff610c41eb74d0a09,ALREADY_PRESENT,,True
v13_event_002_best.jpg,C:\Users\wgucg\Desktop\videos\videos\02_model_development\best_frame_selector\outputs\sample_run\selected_frames\v13_event_002_best.jpg,C:\Users\wgucg\Desktop\videos\videos\06_garment_measurement\data\raw_best_frames\v13_event_002_best.jpg,v13,v13_E002,2,854,480,3,100818,f52d35c048e96a9a526bf255e2d598f8b7a7c264671e7b5225557a4eefcf5258,ALREADY_PRESENT,,True
v14_event_001_best.jpg,C:\Users\wgucg\Desktop\videos\videos\02_model_development\best_frame_selector\outputs\sample_run\selected_frames\v14_event_001_best.jpg,C:\Users\wgucg\Desktop\videos\videos\06_garment_measurement\data\raw_best_frames\v14_event_001_best.jpg,v14,v14_E001,1,480,742,3,99270,b311b174071d1189987eb701a78dbde807405c6cf72f28ab25b1c55d63e3f6de,ALREADY_PRESENT,,True
v14_event_002_best.jpg,C:\Users\wgucg\Desktop\videos\videos\02_model_development\best_frame_selector\outputs\sample_run\selected_frames\v14_event_002_best.jpg,C:\Users\wgucg\Desktop\videos\videos\06_garment_measurement\data\raw_best_frames\v14_event_002_best.jpg,v14,v14_E002,2,480,742,3,102812,861949dff7cbec19649b3ebecacdaf66078d1beb77a7410d21cf82b690fbd906,ALREADY_PRESENT,,True
v14_event_003_best.jpg,C:\Users\wgucg\Desktop\videos\videos\02_model_development\best_frame_selector\outputs\sample_run\selected_frames\v14_event_003_best.jpg,C:\Users\wgucg\Desktop\videos\videos\06_garment_measurement\data\raw_best_frames\v14_event_003_best.jpg,v14,v14_E003,3,480,742,3,102345,f3388f3e14247a501338c2e0ef3b900a19e9a488cdf2ba0373c11f7213de4bdd,ALREADY_PRESENT,,True
v14_event_004_best.jpg,C:\Users\wgucg\Desktop\videos\videos\02_model_development\best_frame_selector\outputs\sample_run\selected_frames\v14_event_004_best.jpg,C:\Users\wgucg\Desktop\videos\videos\06_garment_measurement\data\raw_best_frames\v14_event_004_best.jpg,v14,v14_E004,4,480,742,3,99048,7c0958a4a614f673969f3e59c9ed36885bdcc24ec8001676fac138b7ef81435c,ALREADY_PRESENT,,True
v14_event_005_best.jpg,C:\Users\wgucg\Desktop\videos\videos\02_model_development\best_frame_selector\outputs\sample_run\selected_frames\v14_event_005_best.jpg,C:\Users\wgucg\Desktop\videos\videos\06_garment_measurement\data\raw_best_frames\v14_event_005_best.jpg,v14,v14_E005,5,480,742,3,93211,3e9d7a53900d2cef9e743bbf9ede20d9e1513469fc60d8f05d55a9c680b71cbe,ALREADY_PRESENT,,True
v14_event_006_best.jpg,C:\Users\wgucg\Desktop\videos\videos\02_model_development\best_frame_selector\outputs\sample_run\selected_frames\v14_event_006_best.jpg,C:\Users\wgucg\Desktop\videos\videos\06_garment_measurement\data\raw_best_frames\v14_event_006_best.jpg,v14,v14_E006,6,480,742,3,90502,727d13e143fa5a9dfd4db21cd346ded0226bb95a2a7b374ca33679e901b0b1fe,ALREADY_PRESENT,,True
v14_event_007_best.jpg,C:\Users\wgucg\Desktop\videos\videos\02_model_development\best_frame_selector\outputs\sample_run\selected_frames\v14_event_007_best.jpg,C:\Users\wgucg\Desktop\videos\videos\06_garment_measurement\data\raw_best_frames\v14_event_007_best.jpg,v14,v14_E007,7,480,742,3,95214,9517607c3e561e513067bf5af37990c6769cfb92be4b2baeeedde88c5ed01fe7,ALREADY_PRESENT,,True
v14_event_008_best.jpg,C:\Users\wgucg\Desktop\videos\videos\02_model_development\best_frame_selector\outputs\sample_run\selected_frames\v14_event_008_best.jpg,C:\Users\wgucg\Desktop\videos\videos\06_garment_measurement\data\raw_best_frames\v14_event_008_best.jpg,v14,v14_E008,8,480,742,3,94296,110e3c4f8435b2ecb2e75adea8b766630176ee9db323e17aa8169eb09ee1c07e,ALREADY_PRESENT,,True
v14_event_009_best.jpg,C:\Users\wgucg\Desktop\videos\videos\02_model_development\best_frame_selector\outputs\sample_run\selected_frames\v14_event_009_best.jpg,C:\Users\wgucg\Desktop\videos\videos\06_garment_measurement\data\raw_best_frames\v14_event_009_best.jpg,v14,v14_E009,9,480,742,3,111860,952abc01d1261d73e69bc009f38f39539438e392b8ff5f0f7d2d1062260523e3,ALREADY_PRESENT,,True
v14_event_010_best.jpg,C:\Users\wgucg\Desktop\videos\videos\02_model_development\best_frame_selector\outputs\sample_run\selected_frames\v14_event_010_best.jpg,C:\Users\wgucg\Desktop\videos\videos\06_garment_measurement\data\raw_best_frames\v14_event_010_best.jpg,v14,v14_E010,10,480,742,3,97267,7a853e2bfad5c3a66c6d61e8dfe536f6c86b08a5be1566da2950425052451fae,ALREADY_PRESENT,,True
v14_event_011_best.jpg,C:\Users\wgucg\Desktop\videos\videos\02_model_development\best_frame_selector\outputs\sample_run\selected_frames\v14_event_011_best.jpg,C:\Users\wgucg\Desktop\videos\videos\06_garment_measurement\data\raw_best_frames\v14_event_011_best.jpg,v14,v14_E011,11,480,742,3,94495,b73f9227eb9062eabfed88586ac043fc6bc6d5dff84d6647bfdd68555d416edd,ALREADY_PRESENT,,True
v14_event_012_best.jpg,C:\Users\wgucg\Desktop\videos\videos\02_model_development\best_frame_selector\outputs\sample_run\selected_frames\v14_event_012_best.jpg,C:\Users\wgucg\Desktop\videos\videos\06_garment_measurement\data\raw_best_frames\v14_event_012_best.jpg,v14,v14_E012,12,480,742,3,91988,8fb002ec095db7fb763e9959f2a493c4213a79c93713a9ea7427aaddcdec460f,ALREADY_PRESENT,,True
v14_event_013_best.jpg,C:\Users\wgucg\Desktop\videos\videos\02_model_development\best_frame_selector\outputs\sample_run\selected_frames\v14_event_013_best.jpg,C:\Users\wgucg\Desktop\videos\videos\06_garment_measurement\data\raw_best_frames\v14_event_013_best.jpg,v14,v14_E013,13,480,742,3,86605,8e956a957e85392434c0bb50e7c51da6c4120e1fb678ad5b49291aee89b821c4,ALREADY_PRESENT,,True
v15_event_001_best.jpg,C:\Users\wgucg\Desktop\videos\videos\02_model_development\best_frame_selector\outputs\sample_run\selected_frames\v15_event_001_best.jpg,C:\Users\wgucg\Desktop\videos\videos\06_garment_measurement\data\raw_best_frames\v15_event_001_best.jpg,v15,v15_E001,1,480,876,3,104266,f9250ac28e5af751a575ccc7488fd2c015b4c1d8e142fba79e00a732d5330b5f,ALREADY_PRESENT,,True
v15_event_002_best.jpg,C:\Users\wgucg\Desktop\videos\videos\02_model_development\best_frame_selector\outputs\sample_run\selected_frames\v15_event_002_best.jpg,C:\Users\wgucg\Desktop\videos\videos\06_garment_measurement\data\raw_best_frames\v15_event_002_best.jpg,v15,v15_E002,2,480,876,3,98409,34257659f6274237b8e9e45f6261989bbf7818fea38a41aad63775160384cda1,ALREADY_PRESENT,,True
v15_event_003_best.jpg,C:\Users\wgucg\Desktop\videos\videos\02_model_development\best_frame_selector\outputs\sample_run\selected_frames\v15_event_003_best.jpg,C:\Users\wgucg\Desktop\videos\videos\06_garment_measurement\data\raw_best_frames\v15_event_003_best.jpg,v15,v15_E003,3,480,876,3,102555,6c2c8fd2d245654ab431a412bcd65d25c1f766809297c01c4150665da27cfcdc,ALREADY_PRESENT,,True
v15_event_004_best.jpg,C:\Users\wgucg\Desktop\videos\videos\02_model_development\best_frame_selector\outputs\sample_run\selected_frames\v15_event_004_best.jpg,C:\Users\wgucg\Desktop\videos\videos\06_garment_measurement\data\raw_best_frames\v15_event_004_best.jpg,v15,v15_E004,4,480,876,3,101873,33249ec7a9f1e198f11fd0b7ae065e10d1b3f4f471d2ca93476db196c682311a,ALREADY_PRESENT,,True
v15_event_005_best.jpg,C:\Users\wgucg\Desktop\videos\videos\02_model_development\best_frame_selector\outputs\sample_run\selected_frames\v15_event_005_best.jpg,C:\Users\wgucg\Desktop\videos\videos\06_garment_measurement\data\raw_best_frames\v15_event_005_best.jpg,v15,v15_E005,5,480,876,3,101597,409f36ca338c0967b0fe0ecb60dbe513e46c275836abf31f588468fbf023d46d,ALREADY_PRESENT,,True
v15_event_006_best.jpg,C:\Users\wgucg\Desktop\videos\videos\02_model_development\best_frame_selector\outputs\sample_run\selected_frames\v15_event_006_best.jpg,C:\Users\wgucg\Desktop\videos\videos\06_garment_measurement\data\raw_best_frames\v15_event_006_best.jpg,v15,v15_E006,6,480,876,3,113383,8b0c69bc94be08f7dfd940ba91d452b8f4e386494a3288059ddb3ed49b7f41b8,ALREADY_PRESENT,,True
v15_event_007_best.jpg,C:\Users\wgucg\Desktop\videos\videos\02_model_development\best_frame_selector\outputs\sample_run\selected_frames\v15_event_007_best.jpg,C:\Users\wgucg\Desktop\videos\videos\06_garment_measurement\data\raw_best_frames\v15_event_007_best.jpg,v15,v15_E007,7,480,876,3,102759,7a77b1e5b530396b4b4df11a85773eb2b856120634096ba3a1ea6e4578732add,ALREADY_PRESENT,,True
v15_event_008_best.jpg,C:\Users\wgucg\Desktop\videos\videos\02_model_development\best_frame_selector\outputs\sample_run\selected_frames\v15_event_008_best.jpg,C:\Users\wgucg\Desktop\videos\videos\06_garment_measurement\data\raw_best_frames\v15_event_008_best.jpg,v15,v15_E008,8,480,876,3,102256,5797637e845352c31729364fe499dd0596bd7a6675e3d27cd2842dfe86277bc9,ALREADY_PRESENT,,True
v15_event_009_best.jpg,C:\Users\wgucg\Desktop\videos\videos\02_model_development\best_frame_selector\outputs\sample_run\selected_frames\v15_event_009_best.jpg,C:\Users\wgucg\Desktop\videos\videos\06_garment_measurement\data\raw_best_frames\v15_event_009_best.jpg,v15,v15_E009,9,480,876,3,98478,d11a7f36365d459820300df55dec1e8c1cef8434f165517ffd40779eddac8aff,ALREADY_PRESENT,,True
v16_event_001_best.jpg,C:\Users\wgucg\Desktop\videos\videos\02_model_development\best_frame_selector\outputs\sample_run\selected_frames\v16_event_001_best.jpg,C:\Users\wgucg\Desktop\videos\videos\06_garment_measurement\data\raw_best_frames\v16_event_001_best.jpg,v16,v16_E001,1,854,480,3,104576,3844cb3515f6c9bc6d6d251a37a1e4e65afe26389b35dd677b4e4ef8dd7de076,ALREADY_PRESENT,,True
v17_event_001_best.jpg,C:\Users\wgucg\Desktop\videos\videos\02_model_development\best_frame_selector\outputs\sample_run\selected_frames\v17_event_001_best.jpg,C:\Users\wgucg\Desktop\videos\videos\06_garment_measurement\data\raw_best_frames\v17_event_001_best.jpg,v17,v17_E001,1,854,480,3,103190,98f0447c69d4f0a9a9a785e9a5302b0733b579b7da32e884c849e2ecebecb9f4,ALREADY_PRESENT,,True
v18_event_001_best.jpg,C:\Users\wgucg\Desktop\videos\videos\02_model_development\best_frame_selector\outputs\sample_run\selected_frames\v18_event_001_best.jpg,C:\Users\wgucg\Desktop\videos\videos\06_garment_measurement\data\raw_best_frames\v18_event_001_best.jpg,v18,v18_E001,1,854,480,3,116626,2fb7e3d989ce18e9a9bdf0ecf9caa52f81f7a709aba304aa82ff6d73fa2133e4,ALREADY_PRESENT,,True
v18_event_002_best.jpg,C:\Users\wgucg\Desktop\videos\videos\02_model_development\best_frame_selector\outputs\sample_run\selected_frames\v18_event_002_best.jpg,C:\Users\wgucg\Desktop\videos\videos\06_garment_measurement\data\raw_best_frames\v18_event_002_best.jpg,v18,v18_E002,2,854,480,3,113241,6edfb736d47bba05b9afe36aafba1f6bb6b86c9e25246741fef4eee883e99e19,ALREADY_PRESENT,,True
v18_event_003_best.jpg,C:\Users\wgucg\Desktop\videos\videos\02_model_development\best_frame_selector\outputs\sample_run\selected_frames\v18_event_003_best.jpg,C:\Users\wgucg\Desktop\videos\videos\06_garment_measurement\data\raw_best_frames\v18_event_003_best.jpg,v18,v18_E003,3,854,480,3,94358,804d822fab69226faf69ff0ae5be35dc6e4ad960b8c260b3b72d223b15fda5b0,ALREADY_PRESENT,,True
v19_event_001_best.jpg,C:\Users\wgucg\Desktop\videos\videos\02_model_development\best_frame_selector\outputs\sample_run\selected_frames\v19_event_001_best.jpg,C:\Users\wgucg\Desktop\videos\videos\06_garment_measurement\data\raw_best_frames\v19_event_001_best.jpg,v19,v19_E001,1,480,684,3,145365,b327dd9ce89fccdb5feacdc70d54ce77e63284729137c81d8d746221669c16dc,ALREADY_PRESENT,,True
v19_event_002_best.jpg,C:\Users\wgucg\Desktop\videos\videos\02_model_development\best_frame_selector\outputs\sample_run\selected_frames\v19_event_002_best.jpg,C:\Users\wgucg\Desktop\videos\videos\06_garment_measurement\data\raw_best_frames\v19_event_002_best.jpg,v19,v19_E002,2,480,684,3,148431,213714b3dc4985fcd6aaea7fda7fbf11c017d947cf6cdd78e021c259b9a6afe1,ALREADY_PRESENT,,True
v19_event_003_best.jpg,C:\Users\wgucg\Desktop\videos\videos\02_model_development\best_frame_selector\outputs\sample_run\selected_frames\v19_event_003_best.jpg,C:\Users\wgucg\Desktop\videos\videos\06_garment_measurement\data\raw_best_frames\v19_event_003_best.jpg,v19,v19_E003,3,480,684,3,146861,c319a75990d4b4e038e9b7266376e70112a6829eda5a08b15af52ac579f70da4,ALREADY_PRESENT,,True
v19_event_004_best.jpg,C:\Users\wgucg\Desktop\videos\videos\02_model_development\best_frame_selector\outputs\sample_run\selected_frames\v19_event_004_best.jpg,C:\Users\wgucg\Desktop\videos\videos\06_garment_measurement\data\raw_best_frames\v19_event_004_best.jpg,v19,v19_E004,4,480,684,3,151012,3b60dff6243215747516727b68fc5153992db0d0d6f18b2992a3757ff610ab13,ALREADY_PRESENT,,True
v19_event_005_best.jpg,C:\Users\wgucg\Desktop\videos\videos\02_model_development\best_frame_selector\outputs\sample_run\selected_frames\v19_event_005_best.jpg,C:\Users\wgucg\Desktop\videos\videos\06_garment_measurement\data\raw_best_frames\v19_event_005_best.jpg,v19,v19_E005,5,480,684,3,144374,7f60de2fd64e4f23208ac908ca2d3c22e0b5fd9f130d8ec893f0256b00f34fba,ALREADY_PRESENT,,True
v19_event_006_best.jpg,C:\Users\wgucg\Desktop\videos\videos\02_model_development\best_frame_selector\outputs\sample_run\selected_frames\v19_event_006_best.jpg,C:\Users\wgucg\Desktop\videos\videos\06_garment_measurement\data\raw_best_frames\v19_event_006_best.jpg,v19,v19_E006,6,480,684,3,141411,9e377642d75853272b13da688c918f69ad4019945ab2c0bb2eb35263dfb4843c,ALREADY_PRESENT,,True
v19_event_007_best.jpg,C:\Users\wgucg\Desktop\videos\videos\02_model_development\best_frame_selector\outputs\sample_run\selected_frames\v19_event_007_best.jpg,C:\Users\wgucg\Desktop\videos\videos\06_garment_measurement\data\raw_best_frames\v19_event_007_best.jpg,v19,v19_E007,7,480,684,3,145776,63a8eac907f2f2d657e2f3563b9a97e269342296decc688fc1e89b4710e90d9c,ALREADY_PRESENT,,True
v19_event_008_best.jpg,C:\Users\wgucg\Desktop\videos\videos\02_model_development\best_frame_selector\outputs\sample_run\selected_frames\v19_event_008_best.jpg,C:\Users\wgucg\Desktop\videos\videos\06_garment_measurement\data\raw_best_frames\v19_event_008_best.jpg,v19,v19_E008,8,480,684,3,148193,611df6805ca365701be6db54d50607989f5f5143577c070c81896cec3301a1f2,ALREADY_PRESENT,,True
v19_event_009_best.jpg,C:\Users\wgucg\Desktop\videos\videos\02_model_development\best_frame_selector\outputs\sample_run\selected_frames\v19_event_009_best.jpg,C:\Users\wgucg\Desktop\videos\videos\06_garment_measurement\data\raw_best_frames\v19_event_009_best.jpg,v19,v19_E009,9,480,684,3,145529,574dd5bfd6d4f3982e478f9f6f8ce374787107a11d5f10a032551c4ad660483e,ALREADY_PRESENT,,True
v19_event_010_best.jpg,C:\Users\wgucg\Desktop\videos\videos\02_model_development\best_frame_selector\outputs\sample_run\selected_frames\v19_event_010_best.jpg,C:\Users\wgucg\Desktop\videos\videos\06_garment_measurement\data\raw_best_frames\v19_event_010_best.jpg,v19,v19_E010,10,480,684,3,145786,1c86fc4b360a501f5332271158804bf6de61de49a0e261d73e395a9fdfa901d7,ALREADY_PRESENT,,True
v19_event_011_best.jpg,C:\Users\wgucg\Desktop\videos\videos\02_model_development\best_frame_selector\outputs\sample_run\selected_frames\v19_event_011_best.jpg,C:\Users\wgucg\Desktop\videos\videos\06_garment_measurement\data\raw_best_frames\v19_event_011_best.jpg,v19,v19_E011,11,480,684,3,141248,1e6b5afc3b84098828f9f4caac6b31aa8be90de3bc2067bc46c77226a9093b96,ALREADY_PRESENT,,True
v19_event_012_best.jpg,C:\Users\wgucg\Desktop\videos\videos\02_model_development\best_frame_selector\outputs\sample_run\selected_frames\v19_event_012_best.jpg,C:\Users\wgucg\Desktop\videos\videos\06_garment_measurement\data\raw_best_frames\v19_event_012_best.jpg,v19,v19_E012,12,480,684,3,133041,a6e7ae23d0da7e2bc8d014a2ab57a8c6015a4f1fab1661452567cfd7925928ef,ALREADY_PRESENT,,True
v19_event_013_best.jpg,C:\Users\wgucg\Desktop\videos\videos\02_model_development\best_frame_selector\outputs\sample_run\selected_frames\v19_event_013_best.jpg,C:\Users\wgucg\Desktop\videos\videos\06_garment_measurement\data\raw_best_frames\v19_event_013_best.jpg,v19,v19_E013,13,480,684,3,134995,28405769936b31cc5c851200e1f37e54c20f3733c1ee956199093cccbd3a84d4,ALREADY_PRESENT,,True
v19_event_014_best.jpg,C:\Users\wgucg\Desktop\videos\videos\02_model_development\best_frame_selector\outputs\sample_run\selected_frames\v19_event_014_best.jpg,C:\Users\wgucg\Desktop\videos\videos\06_garment_measurement\data\raw_best_frames\v19_event_014_best.jpg,v19,v19_E014,14,480,684,3,126049,40d5b12833f834b432fb6be52779b087176d4f65ec25c3dae887197afb4df34f,ALREADY_PRESENT,,True
v19_event_015_best.jpg,C:\Users\wgucg\Desktop\videos\videos\02_model_development\best_frame_selector\outputs\sample_run\selected_frames\v19_event_015_best.jpg,C:\Users\wgucg\Desktop\videos\videos\06_garment_measurement\data\raw_best_frames\v19_event_015_best.jpg,v19,v19_E015,15,480,684,3,143495,212cf763f775c063c52a79215787a069c660a80ab8ace54e42c38468d24ba06e,ALREADY_PRESENT,,True
v19_event_016_best.jpg,C:\Users\wgucg\Desktop\videos\videos\02_model_development\best_frame_selector\outputs\sample_run\selected_frames\v19_event_016_best.jpg,C:\Users\wgucg\Desktop\videos\videos\06_garment_measurement\data\raw_best_frames\v19_event_016_best.jpg,v19,v19_E016,16,480,684,3,141067,adac033e900e9ea250ba18a7f5df129fa9b92462966e41d2a441011e1eebaa60,ALREADY_PRESENT,,True
v19_event_017_best.jpg,C:\Users\wgucg\Desktop\videos\videos\02_model_development\best_frame_selector\outputs\sample_run\selected_frames\v19_event_017_best.jpg,C:\Users\wgucg\Desktop\videos\videos\06_garment_measurement\data\raw_best_frames\v19_event_017_best.jpg,v19,v19_E017,17,480,684,3,139405,e69d56d2da335c59fdd4577736c91371b4e034fdddfbfb0433dcb095667f3881,ALREADY_PRESENT,,True
v20_event_001_best.jpg,C:\Users\wgucg\Desktop\videos\videos\02_model_development\best_frame_selector\outputs\sample_run\selected_frames\v20_event_001_best.jpg,C:\Users\wgucg\Desktop\videos\videos\06_garment_measurement\data\raw_best_frames\v20_event_001_best.jpg,v20,v20_E001,1,854,480,3,102681,a3bb28030629eb9532941553cbc3248d356504811bbb6f81c9cbb9b2587ca062,ALREADY_PRESENT,,True
v20_event_002_best.jpg,C:\Users\wgucg\Desktop\videos\videos\02_model_development\best_frame_selector\outputs\sample_run\selected_frames\v20_event_002_best.jpg,C:\Users\wgucg\Desktop\videos\videos\06_garment_measurement\data\raw_best_frames\v20_event_002_best.jpg,v20,v20_E002,2,854,480,3,97479,066af578c885503a350f4e48de2de5f38203a55b4a2eca10d0e608bc0e7236a1,ALREADY_PRESENT,,True
v20_event_003_best.jpg,C:\Users\wgucg\Desktop\videos\videos\02_model_development\best_frame_selector\outputs\sample_run\selected_frames\v20_event_003_best.jpg,C:\Users\wgucg\Desktop\videos\videos\06_garment_measurement\data\raw_best_frames\v20_event_003_best.jpg,v20,v20_E003,3,854,480,3,99158,acd03fc942f13378dca77fc6dec8df9cb8d510dfe07cdd2857477c9d6bd0bd44,ALREADY_PRESENT,,True
v20_event_004_best.jpg,C:\Users\wgucg\Desktop\videos\videos\02_model_development\best_frame_selector\outputs\sample_run\selected_frames\v20_event_004_best.jpg,C:\Users\wgucg\Desktop\videos\videos\06_garment_measurement\data\raw_best_frames\v20_event_004_best.jpg,v20,v20_E004,4,854,480,3,95645,d1d95b3d8db0067cea32fd1581ceaecf6dfaad211bbdebfb3b47d25bf46d283d,ALREADY_PRESENT,,True
v20_event_005_best.jpg,C:\Users\wgucg\Desktop\videos\videos\02_model_development\best_frame_selector\outputs\sample_run\selected_frames\v20_event_005_best.jpg,C:\Users\wgucg\Desktop\videos\videos\06_garment_measurement\data\raw_best_frames\v20_event_005_best.jpg,v20,v20_E005,5,854,480,3,99828,5b8792e8adeeb703b89dffdc552e54f149d4518c619ff5aaff0fcf939d31710d,ALREADY_PRESENT,,True
v22_event_001_best.jpg,C:\Users\wgucg\Desktop\videos\videos\02_model_development\best_frame_selector\outputs\sample_run\selected_frames\v22_event_001_best.jpg,C:\Users\wgucg\Desktop\videos\videos\06_garment_measurement\data\raw_best_frames\v22_event_001_best.jpg,v22,v22_E001,1,480,808,3,109589,52ba1b8997ef241ffbd9f2eb16a04153c0660e56e11dbe28ac3032102fd5bbf0,ALREADY_PRESENT,,True
v22_event_002_best.jpg,C:\Users\wgucg\Desktop\videos\videos\02_model_development\best_frame_selector\outputs\sample_run\selected_frames\v22_event_002_best.jpg,C:\Users\wgucg\Desktop\videos\videos\06_garment_measurement\data\raw_best_frames\v22_event_002_best.jpg,v22,v22_E002,2,480,808,3,101453,e9335423a94695ab885694557ae5053dbd3e69133fd44cd5a069077fe04ad681,ALREADY_PRESENT,,True
v22_event_003_best.jpg,C:\Users\wgucg\Desktop\videos\videos\02_model_development\best_frame_selector\outputs\sample_run\selected_frames\v22_event_003_best.jpg,C:\Users\wgucg\Desktop\videos\videos\06_garment_measurement\data\raw_best_frames\v22_event_003_best.jpg,v22,v22_E003,3,480,808,3,111780,c74f47318e212d16a97b810f51659b62a19475d3ad7d1f2180f4826568c92d64,ALREADY_PRESENT,,True
v22_event_004_best.jpg,C:\Users\wgucg\Desktop\videos\videos\02_model_development\best_frame_selector\outputs\sample_run\selected_frames\v22_event_004_best.jpg,C:\Users\wgucg\Desktop\videos\videos\06_garment_measurement\data\raw_best_frames\v22_event_004_best.jpg,v22,v22_E004,4,480,808,3,112335,973ed3e0d81890e565e80e0807a6267077954d77987bed739c19e274f31dcfbe,ALREADY_PRESENT,,True
v22_event_005_best.jpg,C:\Users\wgucg\Desktop\videos\videos\02_model_development\best_frame_selector\outputs\sample_run\selected_frames\v22_event_005_best.jpg,C:\Users\wgucg\Desktop\videos\videos\06_garment_measurement\data\raw_best_frames\v22_event_005_best.jpg,v22,v22_E005,5,480,808,3,111252,e8c77aa6b61bce137dc99ad918fe71723a66573a61b733b837a8e862c4f7a9a3,ALREADY_PRESENT,,True
v22_event_006_best.jpg,C:\Users\wgucg\Desktop\videos\videos\02_model_development\best_frame_selector\outputs\sample_run\selected_frames\v22_event_006_best.jpg,C:\Users\wgucg\Desktop\videos\videos\06_garment_measurement\data\raw_best_frames\v22_event_006_best.jpg,v22,v22_E006,6,480,808,3,114413,85b7c1c95e67de2186799afe713080035a6e34e7e007bbf8b7b15bc1c238b6a9,ALREADY_PRESENT,,True
v22_event_007_best.jpg,C:\Users\wgucg\Desktop\videos\videos\02_model_development\best_frame_selector\outputs\sample_run\selected_frames\v22_event_007_best.jpg,C:\Users\wgucg\Desktop\videos\videos\06_garment_measurement\data\raw_best_frames\v22_event_007_best.jpg,v22,v22_E007,7,480,808,3,102288,19331588a9fbaad3bac23e16f1b915689f02f1f6b30b605d12de37d1dd60d165,ALREADY_PRESENT,,True
v22_event_008_best.jpg,C:\Users\wgucg\Desktop\videos\videos\02_model_development\best_frame_selector\outputs\sample_run\selected_frames\v22_event_008_best.jpg,C:\Users\wgucg\Desktop\videos\videos\06_garment_measurement\data\raw_best_frames\v22_event_008_best.jpg,v22,v22_E008,8,480,808,3,116097,f45ad66271a77e98102fb23e16fa9b6b86ef47ceb1715ffba16f45f06e111821,ALREADY_PRESENT,,True
v22_event_009_best.jpg,C:\Users\wgucg\Desktop\videos\videos\02_model_development\best_frame_selector\outputs\sample_run\selected_frames\v22_event_009_best.jpg,C:\Users\wgucg\Desktop\videos\videos\06_garment_measurement\data\raw_best_frames\v22_event_009_best.jpg,v22,v22_E009,9,480,808,3,116679,299ced5f72b768e5c3f19893f96ff6c674392e31cceac693cfbc07bd8f512430,ALREADY_PRESENT,,True
v22_event_010_best.jpg,C:\Users\wgucg\Desktop\videos\videos\02_model_development\best_frame_selector\outputs\sample_run\selected_frames\v22_event_010_best.jpg,C:\Users\wgucg\Desktop\videos\videos\06_garment_measurement\data\raw_best_frames\v22_event_010_best.jpg,v22,v22_E010,10,480,808,3,112316,b9087ba558a1c317012df90c45a966b0b8ef54f4952447dbfccf447c53aa2189,ALREADY_PRESENT,,True
v22_event_011_best.jpg,C:\Users\wgucg\Desktop\videos\videos\02_model_development\best_frame_selector\outputs\sample_run\selected_frames\v22_event_011_best.jpg,C:\Users\wgucg\Desktop\videos\videos\06_garment_measurement\data\raw_best_frames\v22_event_011_best.jpg,v22,v22_E011,11,480,808,3,117890,5f284c4bc1d8e46c8b7f0b8a45ef5819cf6a8b15519f87a3637fe08cc7939138,ALREADY_PRESENT,,True
v22_event_012_best.jpg,C:\Users\wgucg\Desktop\videos\videos\02_model_development\best_frame_selector\outputs\sample_run\selected_frames\v22_event_012_best.jpg,C:\Users\wgucg\Desktop\videos\videos\06_garment_measurement\data\raw_best_frames\v22_event_012_best.jpg,v22,v22_E012,12,480,808,3,113219,057d855c433bcea261ebd72e34e1cc575a6b1e3e8a5b8b1c759dc7c14bce8a56,ALREADY_PRESENT,,True
v22_event_013_best.jpg,C:\Users\wgucg\Desktop\videos\videos\02_model_development\best_frame_selector\outputs\sample_run\selected_frames\v22_event_013_best.jpg,C:\Users\wgucg\Desktop\videos\videos\06_garment_measurement\data\raw_best_frames\v22_event_013_best.jpg,v22,v22_E013,13,480,808,3,112423,7963af18673728cd15b3f572fd5b9726520ee9f26c9a2a26bc47a82b0e48a3db,ALREADY_PRESENT,,True
v22_event_014_best.jpg,C:\Users\wgucg\Desktop\videos\videos\02_model_development\best_frame_selector\outputs\sample_run\selected_frames\v22_event_014_best.jpg,C:\Users\wgucg\Desktop\videos\videos\06_garment_measurement\data\raw_best_frames\v22_event_014_best.jpg,v22,v22_E014,14,480,808,3,115948,6276eef7ef23ee4258033bfd483eefa875f767c2dd8eebed1393979b178e1a10,ALREADY_PRESENT,,True
v22_event_015_best.jpg,C:\Users\wgucg\Desktop\videos\videos\02_model_development\best_frame_selector\outputs\sample_run\selected_frames\v22_event_015_best.jpg,C:\Users\wgucg\Desktop\videos\videos\06_garment_measurement\data\raw_best_frames\v22_event_015_best.jpg,v22,v22_E015,15,480,808,3,104366,60cc7d910e2803deea1060d1681e71a9430db68e8ae607df996b2f8df8989c83,ALREADY_PRESENT,,True
v22_event_016_best.jpg,C:\Users\wgucg\Desktop\videos\videos\02_model_development\best_frame_selector\outputs\sample_run\selected_frames\v22_event_016_best.jpg,C:\Users\wgucg\Desktop\videos\videos\06_garment_measurement\data\raw_best_frames\v22_event_016_best.jpg,v22,v22_E016,16,480,808,3,109614,b1fe9ec94f37ee74dc55b05aa68139bfff9c6f843c70822a53c9d9a61d9bf7d9,ALREADY_PRESENT,,True
v22_event_017_best.jpg,C:\Users\wgucg\Desktop\videos\videos\02_model_development\best_frame_selector\outputs\sample_run\selected_frames\v22_event_017_best.jpg,C:\Users\wgucg\Desktop\videos\videos\06_garment_measurement\data\raw_best_frames\v22_event_017_best.jpg,v22,v22_E017,17,480,808,3,106775,d66786c11144e14331e06824d23d995af68f25bc369061e77d3fe3b1370574b0,ALREADY_PRESENT,,True
v22_event_018_best.jpg,C:\Users\wgucg\Desktop\videos\videos\02_model_development\best_frame_selector\outputs\sample_run\selected_frames\v22_event_018_best.jpg,C:\Users\wgucg\Desktop\videos\videos\06_garment_measurement\data\raw_best_frames\v22_event_018_best.jpg,v22,v22_E018,18,480,808,3,111515,c4bf3d9cf8811ffa1ac02cb6e81008a7915bf2016c56917d4861cb6546586371,ALREADY_PRESENT,,True
v22_event_019_best.jpg,C:\Users\wgucg\Desktop\videos\videos\02_model_development\best_frame_selector\outputs\sample_run\selected_frames\v22_event_019_best.jpg,C:\Users\wgucg\Desktop\videos\videos\06_garment_measurement\data\raw_best_frames\v22_event_019_best.jpg,v22,v22_E019,19,480,808,3,103111,aab22a65ef975c46a75bc40e2a8a1a9db8ecb72a45d34c7a86884202431ae749,ALREADY_PRESENT,,True
v22_event_020_best.jpg,C:\Users\wgucg\Desktop\videos\videos\02_model_development\best_frame_selector\outputs\sample_run\selected_frames\v22_event_020_best.jpg,C:\Users\wgucg\Desktop\videos\videos\06_garment_measurement\data\raw_best_frames\v22_event_020_best.jpg,v22,v22_E020,20,480,808,3,105321,076e5c6b25063b54be409dbef5784e0575b9fdbefb66c488a826710a398cb049,ALREADY_PRESENT,,True
v22_event_021_best.jpg,C:\Users\wgucg\Desktop\videos\videos\02_model_development\best_frame_selector\outputs\sample_run\selected_frames\v22_event_021_best.jpg,C:\Users\wgucg\Desktop\videos\videos\06_garment_measurement\data\raw_best_frames\v22_event_021_best.jpg,v22,v22_E021,21,480,808,3,111271,ebdde811601501b2cb11ab9be4218d5de39451a2ebc208f242b20baa1151e3c8,ALREADY_PRESENT,,True
v22_event_022_best.jpg,C:\Users\wgucg\Desktop\videos\videos\02_model_development\best_frame_selector\outputs\sample_run\selected_frames\v22_event_022_best.jpg,C:\Users\wgucg\Desktop\videos\videos\06_garment_measurement\data\raw_best_frames\v22_event_022_best.jpg,v22,v22_E022,22,480,808,3,114689,5c32223ad024b74c8ea02af624b4b88d732f45845a69be8df9ba9e4925179e6a,ALREADY_PRESENT,,True
v22_event_023_best.jpg,C:\Users\wgucg\Desktop\videos\videos\02_model_development\best_frame_selector\outputs\sample_run\selected_frames\v22_event_023_best.jpg,C:\Users\wgucg\Desktop\videos\videos\06_garment_measurement\data\raw_best_frames\v22_event_023_best.jpg,v22,v22_E023,23,480,808,3,112855,3ee50ba7eafac7342ce04afd447e5d688cc3cd467e1f0454e470ccf422eef36b,ALREADY_PRESENT,,True
v22_event_024_best.jpg,C:\Users\wgucg\Desktop\videos\videos\02_model_development\best_frame_selector\outputs\sample_run\selected_frames\v22_event_024_best.jpg,C:\Users\wgucg\Desktop\videos\videos\06_garment_measurement\data\raw_best_frames\v22_event_024_best.jpg,v22,v22_E024,24,480,808,3,112954,63772a8e2260237c5292ac9dcadd92ba58fbe414a8f8c09f7165563a8956fe92,ALREADY_PRESENT,,True
v22_event_025_best.jpg,C:\Users\wgucg\Desktop\videos\videos\02_model_development\best_frame_selector\outputs\sample_run\selected_frames\v22_event_025_best.jpg,C:\Users\wgucg\Desktop\videos\videos\06_garment_measurement\data\raw_best_frames\v22_event_025_best.jpg,v22,v22_E025,25,480,808,3,113224,51bd35e222cd53182c30d0f7ffd3f5fbd9e1f3eb421c830437067c2baf776afe,ALREADY_PRESENT,,True
v22_event_026_best.jpg,C:\Users\wgucg\Desktop\videos\videos\02_model_development\best_frame_selector\outputs\sample_run\selected_frames\v22_event_026_best.jpg,C:\Users\wgucg\Desktop\videos\videos\06_garment_measurement\data\raw_best_frames\v22_event_026_best.jpg,v22,v22_E026,26,480,808,3,113235,5fc9b2ea30650aa19d85d4c16073913dfad7cebcc4b9fa3cc77b2b5e51124719,ALREADY_PRESENT,,True
v22_event_027_best.jpg,C:\Users\wgucg\Desktop\videos\videos\02_model_development\best_frame_selector\outputs\sample_run\selected_frames\v22_event_027_best.jpg,C:\Users\wgucg\Desktop\videos\videos\06_garment_measurement\data\raw_best_frames\v22_event_027_best.jpg,v22,v22_E027,27,480,808,3,113225,01d302ba60a07bfc8a7b7fa35d809665c26e9b5524225ff2888a992be094520b,ALREADY_PRESENT,,True
v23_event_001_best.jpg,C:\Users\wgucg\Desktop\videos\videos\02_model_development\best_frame_selector\outputs\sample_run\selected_frames\v23_event_001_best.jpg,C:\Users\wgucg\Desktop\videos\videos\06_garment_measurement\data\raw_best_frames\v23_event_001_best.jpg,v23,v23_E001,1,854,480,3,96938,1c029c5d0b856e1cddbb966b43c2385e641a47822af857bc47e74ca7efac76a4,ALREADY_PRESENT,,True
v23_event_002_best.jpg,C:\Users\wgucg\Desktop\videos\videos\02_model_development\best_frame_selector\outputs\sample_run\selected_frames\v23_event_002_best.jpg,C:\Users\wgucg\Desktop\videos\videos\06_garment_measurement\data\raw_best_frames\v23_event_002_best.jpg,v23,v23_E002,2,854,480,3,116315,be154e0a3759865d303233f3d03442eb85a3085749e3a8d6610d48d121c02489,ALREADY_PRESENT,,True
v23_event_003_best.jpg,C:\Users\wgucg\Desktop\videos\videos\02_model_development\best_frame_selector\outputs\sample_run\selected_frames\v23_event_003_best.jpg,C:\Users\wgucg\Desktop\videos\videos\06_garment_measurement\data\raw_best_frames\v23_event_003_best.jpg,v23,v23_E003,3,854,480,3,114078,88db9fc15ba741d06a27f7f6fc3df3a5015a2f5629c940c0d821e88d7e36c3d2,ALREADY_PRESENT,,True
v24_event_001_best.jpg,C:\Users\wgucg\Desktop\videos\videos\02_model_development\best_frame_selector\outputs\sample_run\selected_frames\v24_event_001_best.jpg,C:\Users\wgucg\Desktop\videos\videos\06_garment_measurement\data\raw_best_frames\v24_event_001_best.jpg,v24,v24_E001,1,480,862,3,105046,1996168476064b77f92ad23499d6776c0933f7de05afa80da2dd75e67c522f6d,ALREADY_PRESENT,,True
v24_event_002_best.jpg,C:\Users\wgucg\Desktop\videos\videos\02_model_development\best_frame_selector\outputs\sample_run\selected_frames\v24_event_002_best.jpg,C:\Users\wgucg\Desktop\videos\videos\06_garment_measurement\data\raw_best_frames\v24_event_002_best.jpg,v24,v24_E002,2,480,862,3,107188,299c6c342ab648de4f96cc69715e8fd18688b4feb145326986568ae810251f36,ALREADY_PRESENT,,True
v24_event_003_best.jpg,C:\Users\wgucg\Desktop\videos\videos\02_model_development\best_frame_selector\outputs\sample_run\selected_frames\v24_event_003_best.jpg,C:\Users\wgucg\Desktop\videos\videos\06_garment_measurement\data\raw_best_frames\v24_event_003_best.jpg,v24,v24_E003,3,480,862,3,108266,bba881ebddf5f50df8ba706f7d923d10291705c6b26e776dca2dd1f441aa5da4,ALREADY_PRESENT,,True
v24_event_004_best.jpg,C:\Users\wgucg\Desktop\videos\videos\02_model_development\best_frame_selector\outputs\sample_run\selected_frames\v24_event_004_best.jpg,C:\Users\wgucg\Desktop\videos\videos\06_garment_measurement\data\raw_best_frames\v24_event_004_best.jpg,v24,v24_E004,4,480,862,3,111450,9040eaf642114e540e3f138d6a768a2a191a5f1176ad02f6698c5083f19784b2,ALREADY_PRESENT,,True
v24_event_005_best.jpg,C:\Users\wgucg\Desktop\videos\videos\02_model_development\best_frame_selector\outputs\sample_run\selected_frames\v24_event_005_best.jpg,C:\Users\wgucg\Desktop\videos\videos\06_garment_measurement\data\raw_best_frames\v24_event_005_best.jpg,v24,v24_E005,5,480,862,3,112366,5ad6a177255c62eb00e1d1df8fc79b42b2e61afb3d1dc366af4009dfd5d51182,ALREADY_PRESENT,,True
v24_event_006_best.jpg,C:\Users\wgucg\Desktop\videos\videos\02_model_development\best_frame_selector\outputs\sample_run\selected_frames\v24_event_006_best.jpg,C:\Users\wgucg\Desktop\videos\videos\06_garment_measurement\data\raw_best_frames\v24_event_006_best.jpg,v24,v24_E006,6,480,862,3,107261,acaa5bd2bcb5a804f0d95c540fca3d4bad24c301c636ed9f677cfba3cec6ffbb,ALREADY_PRESENT,,True
v24_event_007_best.jpg,C:\Users\wgucg\Desktop\videos\videos\02_model_development\best_frame_selector\outputs\sample_run\selected_frames\v24_event_007_best.jpg,C:\Users\wgucg\Desktop\videos\videos\06_garment_measurement\data\raw_best_frames\v24_event_007_best.jpg,v24,v24_E007,7,480,862,3,107874,0100dd02f0d7062ed1e97365854225f644d08059b03bfc21bd59c1e54757da61,ALREADY_PRESENT,,True
v24_event_008_best.jpg,C:\Users\wgucg\Desktop\videos\videos\02_model_development\best_frame_selector\outputs\sample_run\selected_frames\v24_event_008_best.jpg,C:\Users\wgucg\Desktop\videos\videos\06_garment_measurement\data\raw_best_frames\v24_event_008_best.jpg,v24,v24_E008,8,480,862,3,104808,16b958dcf8c03f383cc37625c16c3e0e809565298bab4859684df0f74019a5b2,ALREADY_PRESENT,,True
v24_event_009_best.jpg,C:\Users\wgucg\Desktop\videos\videos\02_model_development\best_frame_selector\outputs\sample_run\selected_frames\v24_event_009_best.jpg,C:\Users\wgucg\Desktop\videos\videos\06_garment_measurement\data\raw_best_frames\v24_event_009_best.jpg,v24,v24_E009,9,480,862,3,103506,eef746db8d4ce1fed57184b88b798fab7a172495dde4017310b27a4bc0b47e02,ALREADY_PRESENT,,True
v24_event_010_best.jpg,C:\Users\wgucg\Desktop\videos\videos\02_model_development\best_frame_selector\outputs\sample_run\selected_frames\v24_event_010_best.jpg,C:\Users\wgucg\Desktop\videos\videos\06_garment_measurement\data\raw_best_frames\v24_event_010_best.jpg,v24,v24_E010,10,480,862,3,108694,8df1780129288e625ee4e1b6ee0c9b8a9a5a37ba35e60d03368f3564a8ec7471,ALREADY_PRESENT,,True
v25_event_001_best.jpg,C:\Users\wgucg\Desktop\videos\videos\02_model_development\best_frame_selector\outputs\sample_run\selected_frames\v25_event_001_best.jpg,C:\Users\wgucg\Desktop\videos\videos\06_garment_measurement\data\raw_best_frames\v25_event_001_best.jpg,v25,v25_E001,1,480,586,3,139203,11664639e3f78d05974825374e094c6bd27aba2825eb74e0f5ae072992e323d5,ALREADY_PRESENT,,True
v25_event_002_best.jpg,C:\Users\wgucg\Desktop\videos\videos\02_model_development\best_frame_selector\outputs\sample_run\selected_frames\v25_event_002_best.jpg,C:\Users\wgucg\Desktop\videos\videos\06_garment_measurement\data\raw_best_frames\v25_event_002_best.jpg,v25,v25_E002,2,480,586,3,144099,9ae0800b91ee66db26c6ff725689cd4c39513016b5293e328bdcb2e029cb0993,ALREADY_PRESENT,,True
v25_event_003_best.jpg,C:\Users\wgucg\Desktop\videos\videos\02_model_development\best_frame_selector\outputs\sample_run\selected_frames\v25_event_003_best.jpg,C:\Users\wgucg\Desktop\videos\videos\06_garment_measurement\data\raw_best_frames\v25_event_003_best.jpg,v25,v25_E003,3,480,586,3,140387,b55ff6eeb5997101cd0df8e6e4948df83277e503fed2cedf278de6413c05af40,ALREADY_PRESENT,,True
v25_event_004_best.jpg,C:\Users\wgucg\Desktop\videos\videos\02_model_development\best_frame_selector\outputs\sample_run\selected_frames\v25_event_004_best.jpg,C:\Users\wgucg\Desktop\videos\videos\06_garment_measurement\data\raw_best_frames\v25_event_004_best.jpg,v25,v25_E004,4,480,586,3,144947,00986cdd17db3c7d36bb102a7bde1025b37cbf3cf583d99024714eadce665be1,ALREADY_PRESENT,,True
v25_event_005_best.jpg,C:\Users\wgucg\Desktop\videos\videos\02_model_development\best_frame_selector\outputs\sample_run\selected_frames\v25_event_005_best.jpg,C:\Users\wgucg\Desktop\videos\videos\06_garment_measurement\data\raw_best_frames\v25_event_005_best.jpg,v25,v25_E005,5,480,586,3,145457,ca94947b0a8fe6f9d576d76e066420a2b333f78784f847f77e6cacd40783f5f4,ALREADY_PRESENT,,True
v25_event_006_best.jpg,C:\Users\wgucg\Desktop\videos\videos\02_model_development\best_frame_selector\outputs\sample_run\selected_frames\v25_event_006_best.jpg,C:\Users\wgucg\Desktop\videos\videos\06_garment_measurement\data\raw_best_frames\v25_event_006_best.jpg,v25,v25_E006,6,480,586,3,151713,2ff6c615a1dea605116b583d8b78acc2bc69a9486e68787d5b50f81c769a85d9,ALREADY_PRESENT,,True
v25_event_007_best.jpg,C:\Users\wgucg\Desktop\videos\videos\02_model_development\best_frame_selector\outputs\sample_run\selected_frames\v25_event_007_best.jpg,C:\Users\wgucg\Desktop\videos\videos\06_garment_measurement\data\raw_best_frames\v25_event_007_best.jpg,v25,v25_E007,7,480,586,3,140118,7211a4a8f5b6e2eb6343697fdc4f0e04c22df3007920f0b38a973b493e421bcb,ALREADY_PRESENT,,True
v25_event_008_best.jpg,C:\Users\wgucg\Desktop\videos\videos\02_model_development\best_frame_selector\outputs\sample_run\selected_frames\v25_event_008_best.jpg,C:\Users\wgucg\Desktop\videos\videos\06_garment_measurement\data\raw_best_frames\v25_event_008_best.jpg,v25,v25_E008,8,480,586,3,150677,218d62ba15c84932e399734283221e3d7a5ac9dca111fe5522aacffc5cb95211,ALREADY_PRESENT,,True
v25_event_009_best.jpg,C:\Users\wgucg\Desktop\videos\videos\02_model_development\best_frame_selector\outputs\sample_run\selected_frames\v25_event_009_best.jpg,C:\Users\wgucg\Desktop\videos\videos\06_garment_measurement\data\raw_best_frames\v25_event_009_best.jpg,v25,v25_E009,9,480,586,3,144808,f5f9809ec26340b0f4010168eebc87413eb9cdde972483658097551958f14adb,ALREADY_PRESENT,,True
v25_event_010_best.jpg,C:\Users\wgucg\Desktop\videos\videos\02_model_development\best_frame_selector\outputs\sample_run\selected_frames\v25_event_010_best.jpg,C:\Users\wgucg\Desktop\videos\videos\06_garment_measurement\data\raw_best_frames\v25_event_010_best.jpg,v25,v25_E010,10,480,586,3,143502,8f225ee9a4da5087519b6a61836778d0dcaa6287e3b9b5fdcaba253ec4ac172f,ALREADY_PRESENT,,True
v25_event_011_best.jpg,C:\Users\wgucg\Desktop\videos\videos\02_model_development\best_frame_selector\outputs\sample_run\selected_frames\v25_event_011_best.jpg,C:\Users\wgucg\Desktop\videos\videos\06_garment_measurement\data\raw_best_frames\v25_event_011_best.jpg,v25,v25_E011,11,480,586,3,146407,aa889571fc68d96b4ee8d167e95eb415738608688fd006bdee2d9fb87a001859,ALREADY_PRESENT,,True
v25_event_012_best.jpg,C:\Users\wgucg\Desktop\videos\videos\02_model_development\best_frame_selector\outputs\sample_run\selected_frames\v25_event_012_best.jpg,C:\Users\wgucg\Desktop\videos\videos\06_garment_measurement\data\raw_best_frames\v25_event_012_best.jpg,v25,v25_E012,12,480,586,3,141281,2c42f6271c16030ce56e2d247a861440ae6b85a8865fbcb77a312b9a437f1ded,ALREADY_PRESENT,,True
v25_event_013_best.jpg,C:\Users\wgucg\Desktop\videos\videos\02_model_development\best_frame_selector\outputs\sample_run\selected_frames\v25_event_013_best.jpg,C:\Users\wgucg\Desktop\videos\videos\06_garment_measurement\data\raw_best_frames\v25_event_013_best.jpg,v25,v25_E013,13,480,586,3,150441,55b5e3eea86cfda7b39674fe034601e57324f789dc944ae1dd55009ca22454f3,ALREADY_PRESENT,,True
v25_event_014_best.jpg,C:\Users\wgucg\Desktop\videos\videos\02_model_development\best_frame_selector\outputs\sample_run\selected_frames\v25_event_014_best.jpg,C:\Users\wgucg\Desktop\videos\videos\06_garment_measurement\data\raw_best_frames\v25_event_014_best.jpg,v25,v25_E014,14,480,586,3,146691,d12c15d37c33e9ac8c3364e998d475e56334e8bcfa9b9b74adcacb613e11c874,ALREADY_PRESENT,,True
v25_event_015_best.jpg,C:\Users\wgucg\Desktop\videos\videos\02_model_development\best_frame_selector\outputs\sample_run\selected_frames\v25_event_015_best.jpg,C:\Users\wgucg\Desktop\videos\videos\06_garment_measurement\data\raw_best_frames\v25_event_015_best.jpg,v25,v25_E015,15,480,586,3,152891,a1e24739b8bc4571f8f844d4021514773ed0f4a876732b903c909d6f34d9fc3a,ALREADY_PRESENT,,True
v25_event_016_best.jpg,C:\Users\wgucg\Desktop\videos\videos\02_model_development\best_frame_selector\outputs\sample_run\selected_frames\v25_event_016_best.jpg,C:\Users\wgucg\Desktop\videos\videos\06_garment_measurement\data\raw_best_frames\v25_event_016_best.jpg,v25,v25_E016,16,480,586,3,145375,3cf34b6ad6302c931590a4dab93c509d3505ea5f4145f6f85e4dffc9d2c2b9e0,ALREADY_PRESENT,,True
v25_event_017_best.jpg,C:\Users\wgucg\Desktop\videos\videos\02_model_development\best_frame_selector\outputs\sample_run\selected_frames\v25_event_017_best.jpg,C:\Users\wgucg\Desktop\videos\videos\06_garment_measurement\data\raw_best_frames\v25_event_017_best.jpg,v25,v25_E017,17,480,586,3,151592,e7355041327a2df25bfc0fbb8b6dad0a464cd622cc0a33bdce983c8ce2c6a460,ALREADY_PRESENT,,True
v25_event_018_best.jpg,C:\Users\wgucg\Desktop\videos\videos\02_model_development\best_frame_selector\outputs\sample_run\selected_frames\v25_event_018_best.jpg,C:\Users\wgucg\Desktop\videos\videos\06_garment_measurement\data\raw_best_frames\v25_event_018_best.jpg,v25,v25_E018,18,480,586,3,143323,704309af1d24ba3345a2dc2c81ea58e587a13872370be3fec4e71bc6a11bc21f,ALREADY_PRESENT,,True
v25_event_019_best.jpg,C:\Users\wgucg\Desktop\videos\videos\02_model_development\best_frame_selector\outputs\sample_run\selected_frames\v25_event_019_best.jpg,C:\Users\wgucg\Desktop\videos\videos\06_garment_measurement\data\raw_best_frames\v25_event_019_best.jpg,v25,v25_E019,19,480,586,3,147449,565abe4718fa874f930eb9a9586fbd537101a47e8e2b4031ebb768346622a3e1,ALREADY_PRESENT,,True
v25_event_020_best.jpg,C:\Users\wgucg\Desktop\videos\videos\02_model_development\best_frame_selector\outputs\sample_run\selected_frames\v25_event_020_best.jpg,C:\Users\wgucg\Desktop\videos\videos\06_garment_measurement\data\raw_best_frames\v25_event_020_best.jpg,v25,v25_E020,20,480,586,3,145494,1efa1f6d845a16a6d54d165a233b660ba38fd6ff9b4687ead09df8ce13373861,ALREADY_PRESENT,,True
v25_event_021_best.jpg,C:\Users\wgucg\Desktop\videos\videos\02_model_development\best_frame_selector\outputs\sample_run\selected_frames\v25_event_021_best.jpg,C:\Users\wgucg\Desktop\videos\videos\06_garment_measurement\data\raw_best_frames\v25_event_021_best.jpg,v25,v25_E021,21,480,586,3,143564,5b0046ec09624afd8acae763e82d2faa0df6e1e0e3702b00a63002d07a659a94,ALREADY_PRESENT,,True
v25_event_022_best.jpg,C:\Users\wgucg\Desktop\videos\videos\02_model_development\best_frame_selector\outputs\sample_run\selected_frames\v25_event_022_best.jpg,C:\Users\wgucg\Desktop\videos\videos\06_garment_measurement\data\raw_best_frames\v25_event_022_best.jpg,v25,v25_E022,22,480,586,3,142401,bff0624a7ee5b642259210d641552798ae43f6568b75f3541eb3646f88230e4c,ALREADY_PRESENT,,True
v25_event_023_best.jpg,C:\Users\wgucg\Desktop\videos\videos\02_model_development\best_frame_selector\outputs\sample_run\selected_frames\v25_event_023_best.jpg,C:\Users\wgucg\Desktop\videos\videos\06_garment_measurement\data\raw_best_frames\v25_event_023_best.jpg,v25,v25_E023,23,480,586,3,146979,25005183cab1058be83733e8582d62273b7a81b0e0920e47bbcd410084e0b418,ALREADY_PRESENT,,True
v25_event_024_best.jpg,C:\Users\wgucg\Desktop\videos\videos\02_model_development\best_frame_selector\outputs\sample_run\selected_frames\v25_event_024_best.jpg,C:\Users\wgucg\Desktop\videos\videos\06_garment_measurement\data\raw_best_frames\v25_event_024_best.jpg,v25,v25_E024,24,480,586,3,147723,6fc9d1e6b63da2f89cf3839fa3d4f7e18dc23e8d575b792091ddfe7954b9fdef,ALREADY_PRESENT,,True
v25_event_025_best.jpg,C:\Users\wgucg\Desktop\videos\videos\02_model_development\best_frame_selector\outputs\sample_run\selected_frames\v25_event_025_best.jpg,C:\Users\wgucg\Desktop\videos\videos\06_garment_measurement\data\raw_best_frames\v25_event_025_best.jpg,v25,v25_E025,25,480,586,3,149694,d58ce2f043048543916f7f40ced00301edc4427d7e15ce445ab1c300832faa5c,ALREADY_PRESENT,,True
v26_event_001_best.jpg,C:\Users\wgucg\Desktop\videos\videos\02_model_development\best_frame_selector\outputs\sample_run\selected_frames\v26_event_001_best.jpg,C:\Users\wgucg\Desktop\videos\videos\06_garment_measurement\data\raw_best_frames\v26_event_001_best.jpg,v26,v26_E001,1,854,480,3,111143,23e35383b90beaa85f8e6b6f20ed2a8a6b4beb9fa18c35f81539e09619e3f9a7,ALREADY_PRESENT,,True
v26_event_002_best.jpg,C:\Users\wgucg\Desktop\videos\videos\02_model_development\best_frame_selector\outputs\sample_run\selected_frames\v26_event_002_best.jpg,C:\Users\wgucg\Desktop\videos\videos\06_garment_measurement\data\raw_best_frames\v26_event_002_best.jpg,v26,v26_E002,2,854,480,3,107692,e9a4be118a85ff35fad01edd5b91b2582c84ad8214990ed9b76aa2769a8a5117,ALREADY_PRESENT,,True
v26_event_003_best.jpg,C:\Users\wgucg\Desktop\videos\videos\02_model_development\best_frame_selector\outputs\sample_run\selected_frames\v26_event_003_best.jpg,C:\Users\wgucg\Desktop\videos\videos\06_garment_measurement\data\raw_best_frames\v26_event_003_best.jpg,v26,v26_E003,3,854,480,3,109838,876064b6fdc655edb7fcffe336b0644ddfbfdea7e02e868b67512ffc07745769,ALREADY_PRESENT,,True
v26_event_004_best.jpg,C:\Users\wgucg\Desktop\videos\videos\02_model_development\best_frame_selector\outputs\sample_run\selected_frames\v26_event_004_best.jpg,C:\Users\wgucg\Desktop\videos\videos\06_garment_measurement\data\raw_best_frames\v26_event_004_best.jpg,v26,v26_E004,4,854,480,3,101566,c0365b1f9133cfc14dd82d99fd9108b3eb3543f2bd77bf57a7306548b3f5b791,ALREADY_PRESENT,,True
v26_event_005_best.jpg,C:\Users\wgucg\Desktop\videos\videos\02_model_development\best_frame_selector\outputs\sample_run\selected_frames\v26_event_005_best.jpg,C:\Users\wgucg\Desktop\videos\videos\06_garment_measurement\data\raw_best_frames\v26_event_005_best.jpg,v26,v26_E005,5,854,480,3,105990,2debfc7c62e4e06d96d842172412554b61967b16c77c2feacd9e7a5867864e43,ALREADY_PRESENT,,True
v27_event_001_best.jpg,C:\Users\wgucg\Desktop\videos\videos\02_model_development\best_frame_selector\outputs\sample_run\selected_frames\v27_event_001_best.jpg,C:\Users\wgucg\Desktop\videos\videos\06_garment_measurement\data\raw_best_frames\v27_event_001_best.jpg,v27,v27_E001,1,854,480,3,98068,2048ffbb6080e99ee28c8b385e1e936bee00eadb286b54564c4978e76b59e786,ALREADY_PRESENT,,True
v27_event_002_best.jpg,C:\Users\wgucg\Desktop\videos\videos\02_model_development\best_frame_selector\outputs\sample_run\selected_frames\v27_event_002_best.jpg,C:\Users\wgucg\Desktop\videos\videos\06_garment_measurement\data\raw_best_frames\v27_event_002_best.jpg,v27,v27_E002,2,854,480,3,100178,ac751e83c58f7f8b4527a0bcba7eab2eb5fbfd9287118428d73d8287f1c5b7f3,ALREADY_PRESENT,,True
v27_event_003_best.jpg,C:\Users\wgucg\Desktop\videos\videos\02_model_development\best_frame_selector\outputs\sample_run\selected_frames\v27_event_003_best.jpg,C:\Users\wgucg\Desktop\videos\videos\06_garment_measurement\data\raw_best_frames\v27_event_003_best.jpg,v27,v27_E003,3,854,480,3,100480,88ae26a9120979943fb393e72b6b823ff56adde344364597418ff2cf416c33d3,ALREADY_PRESENT,,True
